2.77,3.02,3.32,9931.413,9851.647,.,0.6906027,0.25,..1,..2,..3,..4,..5,..6,..7,..8,..9,..10,..11,..12,..13,..14,..15
2.97,3.43,3.67,9926.498,9831.846,0.7597774,0.7404658,0.46,0.6906027,.,0.25,0.0691746,0.2,2.77,.,0.049863,.,.,0.4100001,.,.,3.02,0.21
4.0,4.32,4.41,9901.259,9789.134,0.7060026,0.9972603,0.3200002,0.7404658,0.7597774,0.46,-0.0344632,1.03,2.97,-0.0537748,0.2567945,.,0.049863,0.8900001,0.4100001,0.2,3.43,-0.1399999
4.6,4.68,4.75,9886.615,9771.963,0.9958128,1.146849,0.0799999,0.9972603,0.7060026,0.3200002,-0.0014475,0.5999999,4.0,0.2898102,0.149589,-0.0537748,0.2567945,0.3599997,0.8900001,1.03,4.32,-0.2400002
4.16,4.33,4.38,9897.35,9788.656,1.283127,1.037151,0.1700001,1.146849,0.9958128,0.0799999,0.136278,-0.4400001,4.6,0.2873145,-0.1096987,0.2898102,0.149589,-0.3499999,0.3599997,0.5999999,4.68,0.0900002
3.07,3.5,3.82,9924.042,9828.473,1.383088,0.7653973,0.4300001,1.037151,1.283127,0.1700001,0.3459375,-1.09,4.16,0.0999608,-0.2717534,0.2873145,-0.1096987,-0.8299999,-0.3499999,-0.4400001,4.33,0.26
2.6,2.84,2.95,9935.596,9860.366,1.089926,0.6482192,0.24,0.7653973,1.383088,0.4300001,0.3245284,-0.47,3.07,-0.2931625,-0.1171781,0.0999608,-0.2717534,-0.6600001,-0.8299999,-1.09,3.5,-0.1900001
2.34,2.67,2.99,9941.999,9868.615,0.8278883,0.5833972,0.3300002,0.6482192,1.089926,0.24,0.1796691,-0.26,2.6,-0.2620374,-0.064822,-0.2931625,-0.1171781,-0.1699998,-0.6600001,-0.47,2.84,0.0900002
2.61,2.77,2.93,9935.35,9863.761,0.6762283,0.6507123,0.1600001,0.5833972,0.8278883,0.3300002,0.0928311,0.27,2.34,-0.1516599,0.0673151,-0.2620374,-0.064822,0.0999999,-0.1699998,-0.26,2.67,-0.1700001
2.37,2.56,2.94,9941.26,9873.96,0.7856945,0.5908767,0.1900001,0.6507123,0.6762283,0.1600001,0.1349822,-0.24,2.61,0.1094661,-0.0598356,-0.1516599,0.0673151,-0.21,0.0999999,0.27,2.77,0.03
2.19,2.63,3.0,9945.696,9870.558,0.7265204,0.546,0.4400001,0.5908767,0.7856945,0.1900001,0.1356437,-0.1799998,2.37,-0.0591741,-0.0448767,0.1094661,-0.0598356,0.0700002,-0.21,-0.24,2.56,0.25
2.49,2.76,3.0,9938.304,9864.246,0.6863452,0.6207945,0.27,0.546,0.7265204,0.4400001,0.1403452,0.3,2.19,-0.0401752,0.0747945,-0.0591741,-0.0448767,0.1299999,0.0700002,-0.1799998,2.63,-0.1700001
2.71,2.89,3.08,9932.889,9857.943,0.6958725,0.6756439,0.1800001,0.6207945,0.6863452,0.27,0.075078,0.22,2.49,0.0095274,0.0548493,-0.0401752,0.0747945,0.1300001,0.1299999,0.3,2.76,-0.0899999
2.72,2.78,2.93,9932.644,9863.276,0.7577665,0.678137,0.0599999,0.6756439,0.6958725,0.1800001,0.0821227,0.01,2.71,0.061894,0.0024931,0.0095274,0.0548493,-0.1100001,0.1300001,0.22,2.89,-0.1200001
2.87,2.96,3.05,9928.955,9854.552,0.6658914,0.7155342,0.0900002,0.678137,0.7577665,0.0599999,-0.0122456,0.1499999,2.72,-0.0918751,0.0373972,0.061894,0.0024931,0.1800001,-0.1100001,0.01,2.78,0.0300002
2.87,2.92,3.0,9928.955,9856.489,0.7550148,0.7155342,0.0500002,0.7155342,0.6658914,0.0900002,0.0394806,0.0,2.87,0.0891234,0.0,-0.0918751,0.0373972,-0.04,0.1800001,0.1499999,2.96,-0.04
2.91,2.95,2.99,9927.972,9855.036,0.7252321,0.7255068,0.04,0.7155342,0.7550148,0.0500002,0.0096979,0.0400002,2.87,-0.0297827,0.0099726,0.0891234,0,0.03,-0.04,0,2.92,-0.0100002
3.06,3.1,3.15,9924.287,9847.777,0.7026963,0.7629041,0.04,0.7255068,0.7252321,0.04,-0.0228105,0.1499999,2.91,-0.0225357,0.0373973,-0.0297827,0.0099726,0.1499999,0.03,0.0400002,2.95,0.0
3.34,3.46,3.57,9917.416,9830.4,0.7071512,0.8327123,0.1200001,0.7629041,0.7026963,0.04,-0.0557529,0.28,3.06,0.0044549,0.0698082,-0.0225357,0.0373973,0.3600001,0.1499999,0.1499999,3.1,0.0800002
3.58,3.62,3.68,9911.535,9822.696,0.8253455,0.8925479,0.04,0.8327123,0.7071512,0.1200001,-0.0073668,0.24,3.34,0.1181943,0.0598356,0.0044549,0.0698082,0.1599998,0.3600001,0.28,3.46,-0.0800002
3.64,3.75,3.82,9910.065,9816.446,0.8894619,0.9075069,0.1099999,0.8925479,0.8253455,0.04,-0.003086,0.0600002,3.58,0.0641164,0.014959,0.1181943,0.0598356,0.1300001,0.1599998,0.24,3.62,0.0699999
3.51,3.65,3.77,9913.25,9821.253,0.986138,0.8750959,0.1400001,0.9075069,0.8894619,0.1099999,0.0786312,-0.1300001,3.64,0.0966762,-0.032411,0.0641164,0.014959,-0.0999999,0.1300001,0.0600002,3.75,0.0300002
3.54,3.62,3.72,9912.515,9822.696,0.9292268,0.8825753,0.0799999,0.8750959,0.986138,0.1400001,0.0541309,0.03,3.51,-0.0569112,0.0074794,0.0966762,-0.032411,-0.0300002,-0.0999999,-0.1300001,3.65,-0.0600002
3.88,3.98,4.03,9904.192,9805.407,0.8296713,0.9673425,0.0999999,0.8825753,0.9292268,0.0799999,-0.052904,0.3400002,3.54,-0.0995555,0.0847672,-0.0569112,0.0074794,0.3600001,-0.0300002,0.03,3.62,0.02
4.02,4.03,4.04,9900.77,9803.011,0.9725481,1.002247,0.0100002,0.9673425,0.8296713,0.0999999,0.0052056,0.1399999,3.88,0.1428768,0.0349041,-0.0995555,0.0847672,0.0500002,0.3600001,0.3400002,3.98,-0.0899997
3.9,3.96,4.0,9903.703,9806.366,1.027158,0.9723288,0.0599999,1.002247,0.9725481,0.0100002,0.0249112,-0.1199999,4.02,0.0546097,-0.0299178,0.1428768,0.0349041,-0.0700002,0.0500002,0.1399999,4.03,0.0499997
3.97,4.0,4.03,9901.992,9804.448,0.9751418,0.9897808,0.03,0.9723288,1.027158,0.0599999,0.002813,0.0699999,3.9,-0.052016,0.0174521,0.0546097,-0.0299178,0.04,-0.0700002,-0.1199999,3.96,-0.03
4.2,4.3,4.36,9896.373,9790.09,0.9375826,1.047123,0.1000004,0.9897808,0.9751418,0.03,-0.0521982,0.2299998,3.97,-0.0375592,0.0573424,-0.052016,0.0174521,0.3000002,0.04,0.0699999,4.0,0.0700004
4.76,4.85,4.91,9882.718,9763.875,0.9461398,1.18674,0.0899997,1.047123,0.9375826,0.1000004,-0.1009834,0.5600004,4.2,0.0085571,0.1396166,-0.0375592,0.0573424,0.5499997,0.3000002,0.2299998,4.3,-0.0100007
4.74,4.84,4.97,9883.205,9764.351,1.222159,1.181753,0.1000004,1.18674,0.9461398,0.0899997,0.0354192,-0.0200005,4.76,0.2760193,-0.0049864,0.0085571,0.1396166,-0.0099998,0.5499997,0.5600004,4.85,0.0100007
5.19,5.68,5.93,9872.259,9724.579,1.105124,1.293945,0.4899998,1.181753,1.222159,0.1000004,-0.0766292,0.4500003,4.74,-0.1170348,0.1121918,0.2760193,-0.0049864,0.8399997,-0.0099998,-0.0200005,4.84,0.3899994
5.28,5.35,5.41,9870.072,9740.164,1.496138,1.316384,0.0699997,1.293945,1.105124,0.4899998,0.2021933,0.0900002,5.19,0.3910142,0.0224384,-0.1170348,0.1121918,-0.3299999,0.8399997,0.4500003,5.68,-0.4200001
4.6,4.65,4.68,9886.615,9773.392,1.50358,1.146849,0.0500002,1.316384,1.496138,0.0699997,0.1871965,-0.6800003,5.28,0.0074416,-0.1695343,0.3910142,0.0224384,-0.6999998,-0.3299999,0.0900002,5.35,-0.0199995
3.54,3.85,4.08,9912.515,9811.644,1.423488,0.8825753,0.3099999,1.146849,1.50358,0.0500002,0.2766386,-1.06,4.6,-0.0800922,-0.2642739,0.0074416,-0.1695343,-0.8000002,-0.6999998,-0.6800003,4.65,0.2599998
4.46,4.9,5.08,9890.028,9761.498,0.7988954,1.111945,0.4400001,0.8825753,1.423488,0.3099999,-0.08368,0.9200001,3.54,-0.6245925,0.2293699,-0.0800922,-0.2642739,1.05,-0.8000002,-1.06,3.85,0.1300001
5.05,5.52,5.58,9875.661,9732.129,1.169524,1.259041,0.4699998,1.111945,0.7988954,0.4400001,0.0575789,0.5900002,4.46,0.3706288,0.1470959,-0.6245925,0.2293699,0.6199999,1.05,0.9200001,4.9,0.0299997
5.13,5.3,5.44,9873.717,9742.53,1.45485,1.278986,0.1700001,1.259041,1.169524,0.4699998,0.1958089,0.0799999,5.05,0.2853259,0.0199451,0.3706288,0.1470959,-0.2199998,0.6199999,0.5900002,5.52,-0.2999997
5.8,5.87,5.9,9857.458,9715.628,1.17965,1.446027,0.0699997,1.278986,1.45485,0.1700001,-0.0993366,0.6700001,5.13,-0.2752004,0.1670411,0.2853259,0.0199451,0.5699997,-0.2199998,0.0799999,5.3,-0.1000004
5.32,5.32,5.34,9869.101,9741.584,1.579647,1.326356,0.0,1.446027,1.17965,0.0699997,0.1336199,-0.48,5.8,0.3999976,-0.1196712,-0.2752004,0.1670411,-0.5499997,0.5699997,0.6700001,5.87,-0.0699997
5.64,5.63,5.61,9861.336,9726.937,1.229286,1.406137,-0.0099998,1.326356,1.579647,0.0,-0.0970699,0.3199997,5.32,-0.350361,0.0797808,0.3999976,-0.1196712,0.3099999,-0.5499997,-0.48,5.32,-0.0099998
6.34,6.37,6.37,9844.394,9692.15,1.207544,1.580658,0.0299997,1.406137,1.229286,-0.0099998,-0.198593,0.7000003,5.64,-0.0217423,0.1745206,-0.350361,0.0797808,0.7399998,0.3099999,0.3199997,5.63,0.0399995
6.22,6.53,6.59,9847.294,9684.662,1.600713,1.55074,0.3100004,1.580658,1.207544,0.0299997,0.0200559,-0.1200004,6.34,0.3931695,-0.029918,-0.0217423,0.1745206,0.1600003,0.7399998,0.7000003,6.37,0.2800007
7.07,7.37,7.6,9826.787,9645.536,1.467527,1.762658,0.2999997,1.55074,1.600713,0.3100004,-0.083213,0.8500004,6.22,-0.1331868,0.2119179,0.3931695,-0.029918,0.8399997,0.1600003,-0.1200004,6.53,-0.0100007
7.7,7.97,7.9,9811.644,9617.781,1.722117,1.919726,0.27,1.762658,1.467527,0.2999997,-0.0405405,0.6299996,7.07,0.2545904,0.1570685,-0.1331868,0.2119179,0.5999999,0.8399997,0.8500004,7.37,-0.0299997
7.02,7.05,7.05,9827.991,9660.403,2.185639,1.750192,0.0300002,1.919726,1.722117,0.27,0.2659129,-0.6799998,7.7,0.4635218,-0.1695342,0.2545904,0.1570685,-0.9199996,0.5999999,0.6299996,7.97,-0.2399998
7.07,7.33,7.56,9826.787,9647.392,1.722328,1.762658,0.2599998,1.750192,2.185639,0.0300002,-0.0278642,0.0500002,7.02,-0.4633113,0.0124657,0.4635218,-0.1695342,0.2799997,-0.9199996,-0.6799998,7.05,0.2299995
6.4,6.7,6.86,9842.944,9676.718,2.027001,1.595616,0.2999997,1.762658,1.722328,0.2599998,0.2643436,-0.6700001,7.07,0.3046736,-0.1670411,-0.4633113,0.0124657,-0.6300001,0.2799997,0.0500002,7.33,0.04
5.21,5.21,5.2,9871.772,9746.792,2.015711,1.298931,0.0,1.595616,2.027001,0.2999997,0.4200948,-1.19,6.4,-0.0112898,-0.296685,0.3046736,-0.1670411,-1.49,-0.6300001,-0.6700001,6.7,-0.2999997
3.41,3.59,3.76,9915.7,9824.14,1.732962,0.8501644,0.1799998,1.298931,2.015711,0.0,0.4340305,-1.8,5.21,-0.2827493,-0.4487671,-0.0112898,-0.296685,-1.62,-1.49,-1.19,5.21,0.1799998
4.36,4.65,5.07,9892.468,9773.392,0.6955125,1.087014,0.29,0.8501644,1.732962,0.1799998,-0.1546519,0.95,3.41,-1.037449,0.2368493,-0.2827493,-0.4487671,1.06,-1.62,-1.8,3.59,0.1100001
4.35,4.88,5.29,9892.712,9762.449,1.220869,1.084521,0.5300002,1.087014,0.6955125,0.29,0.1338553,-0.0100002,4.36,0.5253565,-0.0024931,-1.037449,0.2368493,0.23,1.06,0.95,4.65,0.2400002
4.37,4.52,4.7,9892.224,9779.587,1.329322,1.089507,0.1500001,1.084521,1.220869,0.5300002,0.2448018,0.02,4.35,0.1084533,0.0049863,0.5253565,-0.0024931,-0.3600001,0.23,-0.0100002,4.88,-0.3800001
3.46,3.8,4.29,9914.475,9814.044,1.379278,0.8626301,0.3399999,1.089507,1.329322,0.1500001,0.2897712,-0.9099998,4.37,0.0499557,-0.2268767,0.1084533,0.0049863,-0.72,-0.3600001,0.02,4.52,0.1899998
3.82,4.2,4.55,9905.66,9794.871,0.9335215,0.9523835,0.3799999,0.8626301,1.379278,0.3399999,0.0708914,0.3599999,3.46,-0.4457566,0.0897534,0.0499557,-0.2268767,0.3999999,-0.72,-0.9099998,3.8,0.04
4.55,4.88,5.4,9887.834,9762.449,0.9490976,1.134384,0.3299999,0.9523835,0.9335215,0.3799999,-0.0032859,0.7300003,3.82,0.0155761,0.182,-0.4457566,0.0897534,0.6800003,0.3999999,0.3599999,4.2,-0.05
4.92,5.29,5.42,9878.823,9743.004,1.192058,1.22663,0.3699999,1.134384,0.9490976,0.3299999,0.0576741,0.3699999,4.55,0.24296,0.0922467,0.0155761,0.182,0.4099998,0.6800003,0.7300003,4.88,0.04
5.92,6.05,6.4,9854.552,9707.163,1.144902,1.475945,0.1300001,1.22663,1.192058,0.3699999,-0.0817281,1.0,4.92,-0.0471555,0.249315,0.24296,0.0922467,0.7600002,0.4099998,0.3699999,5.29,-0.2399998
7.03,7.22,7.1,9827.751,9652.499,1.242257,1.752685,0.1899996,1.475945,1.144902,0.1300001,-0.2336885,1.11,5.92,0.0973547,0.2767397,-0.0471555,0.249315,1.17,0.7600002,1,6.05,0.0599995
8.77,8.98,8.6,9786.029,9571.421,1.383375,2.186493,0.2099991,1.752685,1.242257,0.1899996,-0.3693098,1.74,7.03,0.1411184,0.4338082,0.0973547,0.2767397,1.76,1.17,1.11,7.22,0.0199995
7.43,8.11,7.65,9818.128,9611.328,2.577538,1.852411,0.6799998,2.186493,1.383375,0.2099991,0.3910451,-1.340001,8.77,1.194163,-0.3340822,0.1411184,0.4338082,-0.8699999,1.76,1.74,8.98,0.4700007
7.59,7.62,7.15,9814.284,9633.952,2.111634,1.892301,0.0299997,1.852411,2.577538,0.6799998,0.2592229,0.1600003,7.43,-0.4659045,0.0398905,1.194163,-0.3340822,-0.4899998,-0.8699999,-1.340001,8.11,-0.6500001
8.27,8.69,8.92,9797.981,9584.687,1.702617,2.061836,0.4199991,1.892301,2.111634,0.0299997,-0.1896845,0.6800003,7.59,-0.4090168,0.1695343,-0.4659045,0.0398905,1.07,-0.4899998,0.1600003,7.62,0.3899994
9.33,9.92,10.07,9772.677,9528.673,1.96136,2.32611,0.5900002,2.061836,1.702617,0.4199991,-0.1004754,1.059999,8.27,0.2587434,0.2642739,-0.4090168,0.1695343,1.23,1.07,0.6800003,8.69,0.170001
7.6,7.74,7.34,9814.044,9628.401,2.994867,1.894794,0.1399999,2.32611,1.96136,0.5900002,0.6687574,-1.73,9.33,1.033507,-0.4313152,0.2587434,0.2642739,-2.18,1.23,1.059999,9.92,-0.4500003
5.46,5.75,5.86,9865.702,9721.279,2.464592,1.36126,0.29,1.894794,2.994867,0.1399999,0.5697973,-2.14,7.6,-0.5302753,-0.5335342,1.033507,-0.4313152,-1.99,-2.18,-1.73,7.74,0.1500001
5.26,5.6,6.04,9870.558,9728.353,1.535583,1.311397,0.3399997,1.36126,2.464592,0.29,0.1743228,-0.1999998,5.46,-0.9290086,-0.049863,-0.5302753,-0.5335342,-0.1500001,-1.99,-2.14,5.75,0.0499997
6.54,7.19,7.55,9839.563,9653.894,1.143163,1.630521,0.6500001,1.311397,1.535583,0.3399997,-0.1682342,1.28,5.26,-0.3924201,0.3191233,-0.9290086,-0.049863,1.59,-0.1500001,-0.1999998,5.6,0.3100004
5.6,6.22,6.52,9862.306,9699.182,2.15884,1.396164,0.6199999,1.630521,1.143163,0.6500001,0.5283194,-0.9400001,6.54,1.015677,-0.2343562,-0.3924201,0.3191233,-0.9700003,1.59,1.28,7.19,-0.0300002
5.05,5.65,6.05,9875.661,9725.993,1.81953,1.259041,0.5999999,1.396164,2.15884,0.6199999,0.4233654,-0.5499997,5.6,-0.3393102,-0.1371232,1.015677,-0.2343562,-0.5699997,-0.9700003,-0.9400001,6.22,-0.02
5.61,6.13,6.69,9862.063,9703.405,1.399038,1.398658,0.52,1.259041,1.81953,0.5999999,0.1399965,0.5599999,5.05,-0.4204921,0.1396164,-0.3393102,-0.1371232,0.48,-0.5699997,-0.5499997,5.65,-0.0799999
5.2,5.54,5.85,9872.016,9731.185,1.737641,1.296438,0.3400002,1.398658,1.399038,0.52,0.3389834,-0.4100003,5.61,0.3386033,-0.1022192,-0.4204921,0.1396164,-0.5900002,0.48,0.5599999,6.13,-0.1799998
4.51,4.71,4.91,9888.81,9770.534,1.619793,1.124411,0.1999998,1.296438,1.737641,0.3400002,0.3233542,-0.6899996,5.2,-0.1178484,-0.1720273,0.3386033,-0.1022192,-0.8299999,-0.5900002,-0.4100003,5.54,-0.1400003
4.8,5.1,5.52,9881.744,9752.005,1.138218,1.196712,0.2999997,1.124411,1.619793,0.1999998,0.0138068,0.29,4.51,-0.4815748,0.0723014,-0.1178484,-0.1720273,0.3899999,-0.8299999,-0.6899996,4.71,0.0999999
5.13,5.42,5.71,9873.717,9736.854,1.248071,1.278986,0.29,1.196712,1.138218,0.2999997,0.0513583,0.3299999,4.8,0.1098529,0.082274,-0.4815748,0.0723014,0.3200002,0.3899999,0.29,5.1,-0.0099998
5.7,6.1,6.33,9859.882,9704.814,1.263523,1.421096,0.4000001,1.278986,1.248071,0.29,-0.0154638,0.5699997,5.13,0.0154518,0.1421095,0.1098529,0.082274,0.6799998,0.3200002,0.3299999,5.42,0.1100001
6.2,6.65,6.9,9847.777,9679.053,1.473113,1.545753,0.4500003,1.421096,1.263523,0.4000001,0.0520172,0.5,5.7,0.2095906,0.1246575,0.0154518,0.1421095,0.5500002,0.6799998,0.5699997,6.1,0.0500002
6.6,7.02,7.28,9838.116,9661.8,1.643378,1.645479,0.4200001,1.545753,1.473113,0.4500003,0.0976251,0.4000001,6.2,0.1702654,0.0997261,0.2095906,0.1246575,0.3699999,0.5500002,0.5,6.65,-0.0300002
6.83,7.5,7.9,9832.569,9639.509,1.767471,1.702822,0.6700001,1.645479,1.643378,0.4200001,0.1219918,0.23,6.6,0.1240927,0.0573424,0.1702654,0.0997261,0.48,0.3699999,0.4000001,7.02,0.25
7.77,8.08,8.46,9809.964,9612.711,1.768296,1.937178,0.3099999,1.702822,1.767471,0.6700001,0.0654745,0.9400001,6.83,0.0008252,0.2343563,0.1240927,0.0573424,0.5799999,0.48,0.23,7.5,-0.3600001
9.31,9.82,10.07,9773.153,9533.202,1.669065,2.321123,0.5099993,1.937178,1.768296,0.3099999,-0.2681133,1.54,7.77,-0.0992315,0.3839452,0.0008252,0.2343563,1.74,0.5799999,0.9400001,8.08,0.1999993
9.79,10.09,10.35,9761.736,9520.982,2.397245,2.440794,0.3000002,2.321123,1.669065,0.5099993,0.0761213,0.4799995,9.31,0.7281798,0.1196711,-0.0992315,0.3839452,0.2700005,1.74,1.54,9.82,-0.2099991
9.89,10.03,9.87,9759.361,9523.695,2.503722,2.465726,0.1399994,2.440794,2.397245,0.3000002,0.0629272,0.1000004,9.79,0.106477,0.0249317,0.7281798,0.1196711,-0.0600004,0.2700005,0.4799995,10.09,-0.1600008
10.16,10.42,10.35,9752.954,9506.09,2.407246,2.533041,0.2600002,2.465726,2.503722,0.1399994,-0.05848,0.2699995,9.89,-0.0964756,0.0673149,0.106477,0.0249317,0.3900003,-0.0600004,0.1000004,10.03,0.1200008
11.95,12.32,11.98,9710.688,9421.241,2.15229,2.979315,0.3699999,2.533041,2.407246,0.2600002,-0.3807509,1.79,10.16,-0.254956,0.446274,-0.0964756,0.0673149,1.9,0.3900003,0.2699995,10.42,0.1099997
14.62,15.17,15.27,9648.32,9296.771,2.410289,3.644986,0.5500002,2.979315,2.15229,0.3699999,-0.5690265,2.67,11.95,0.2579985,0.6656713,-0.254956,0.446274,2.85,1.9,1.79,12.32,0.1800003
7.99,8.43,8.78,9804.688,9596.611,5.463359,1.992027,0.4400005,3.644986,2.410289,0.5500002,1.818373,-6.63,14.62,3.053071,-1.652959,0.2579985,0.6656713,-6.74,2.85,2.67,15.17,-0.1099997
10.23,10.91,11.09,9751.294,9484.062,1.611846,2.550493,0.6800003,1.992027,5.463359,0.4400005,-0.3801811,2.24,7.99,-3.851513,0.5584657,3.053071,-1.652959,2.48,-6.74,-6.63,8.43,0.2399998
15.22,15.56,15.04,9634.415,9279.994,1.585328,3.794575,0.3400002,2.550493,1.611846,0.6800003,-0.9651647,4.990001,10.23,-0.0265179,1.244082,-3.851513,0.5584657,4.650001,2.48,2.24,10.91,-0.3400002
15.11,15.23,14.74,9636.961,9294.187,3.846627,3.767151,0.1199999,3.794575,1.585328,0.3400002,0.052052,-0.1100006,15.22,2.261299,-0.0274248,-0.0265179,1.244082,-0.3300009,4.650001,4.990001,15.56,-0.2200003
15.54,14.94,14.46,9627.015,9306.694,3.581036,3.874356,-0.6000004,3.767151,3.846627,0.1199999,-0.186115,0.4300003,15.11,-0.2655919,0.1072056,2.261299,-0.0274248,-0.29,-0.3300009,-0.1100006,15.23,-0.7200003
16.46,17.35,17.13,9605.804,9203.761,3.213916,4.103726,0.8900013,3.874356,3.581036,-0.6000004,-0.66044,0.9199991,15.54,-0.3671193,0.2293696,-0.2655919,0.1072056,2.410001,-0.29,0.4300003,14.94,1.490002
10.94,11.79,12.13,9734.491,9444.757,5.766452,2.727507,0.8500004,4.103726,3.213916,0.8900013,1.662726,-5.52,16.46,2.552536,-1.376219,-0.3671193,0.2293696,-5.56,2.410001,0.9199991,17.35,-0.0400009
13.04,14.12,14.29,9685.13,9342.244,2.545042,3.251069,1.08,2.727507,5.766452,0.8500004,-0.1824644,2.1,10.94,-3.22141,0.523562,2.552536,-1.376219,2.33,-5.56,-5.52,11.79,0.2299995
11.97,12.52,12.93,9710.218,9412.398,3.938814,2.984301,0.5500002,3.251069,2.545042,1.08,0.6877456,-1.07,13.04,1.393772,-0.2667673,-3.22141,0.523562,-1.599999,2.33,2.1,14.12,-0.5299997
8.66,10.2,11.1,9788.656,9516.013,3.99747,2.159068,1.54,2.984301,3.938814,0.5500002,1.013169,-3.31,11.97,0.058656,-0.825233,1.393772,-0.2667673,-2.320001,-1.599999,-1.07,12.52,0.9899998
8.51,9.0,9.31,9792.241,9570.507,2.902776,2.121671,0.4899998,2.159068,3.99747,1.54,0.7437074,-0.1499996,8.66,-1.094694,-0.0373971,0.058656,-0.825233,-1.2,-2.320001,-3.31,10.2,-1.05
8.15,8.38,8.61,9800.854,9598.907,2.406849,2.031918,0.2300005,2.121671,2.902776,0.4899998,0.2851779,-0.3600006,8.51,-0.4959266,-0.0897534,-1.094694,-0.0373971,-0.6199999,-1.2,-0.1499996,9.0,-0.2599993
8.91,9.23,9.46,9782.688,9560.014,1.914596,2.221397,0.3199997,2.031918,2.406849,0.2300005,-0.117322,0.7600002,8.15,-0.4922533,0.1894794,-0.4959266,-0.0897534,0.8499994,-0.6199999,-0.3600006,8.38,0.0899992
9.56,10.1,10.47,9767.203,9520.53,2.167251,2.383452,0.54,2.221397,1.914596,0.3199997,-0.0541465,0.6500006,8.91,0.2526548,0.162055,-0.4922533,0.1894794,0.8700008,0.8499994,0.7600002,9.23,0.2200003
9.17,9.56,9.91,9776.488,9544.999,2.688485,2.286219,0.3900003,2.383452,2.167251,0.54,0.3050325,-0.3900003,9.56,0.521234,-0.0972331,0.2526548,0.162055,-0.54,0.8700008,0.6500006,10.1,-0.1499996
9.47,9.89,10.2,9769.345,9530.031,2.3504,2.361014,0.4200001,2.286219,2.688485,0.3900003,0.0641813,0.3000002,9.17,-0.3380842,0.0747945,0.521234,-0.0972331,0.3299999,-0.54,-0.3900003,9.56,0.0299997
10.08,11.25,12.06,9754.852,9468.837,2.359072,2.513096,1.17,2.361014,2.3504,0.4200001,-0.0019414,0.6099997,9.47,0.0086718,0.1520822,-0.3380842,0.0747945,1.36,0.3299999,0.3000002,9.89,0.75
11.01,11.44,11.86,9732.838,9460.351,2.788104,2.744959,0.4299994,2.513096,2.359072,1.17,0.2750077,0.9300003,10.08,0.4290314,0.231863,0.0086718,0.1520822,0.1899996,1.36,0.6099997,11.25,-0.7400007
8.68,9.14,9.73,9788.179,9564.117,3.465285,2.164055,0.46,2.744959,2.788104,0.4299994,0.7203262,-2.33,11.01,0.6771815,-0.580904,0.4290314,0.231863,-2.299999,0.1899996,0.9300003,11.44,0.0300007
8.82,9.31,9.69,9784.836,9556.37,2.30778,2.198959,0.4900007,2.164055,3.465285,0.46,0.1437247,0.1399994,8.68,-1.157506,0.034904,0.6771815,-0.580904,0.1700001,-2.299999,-2.33,9.14,0.0300007
7.3,7.55,7.92,9821.253,9637.192,2.771793,1.82,0.25,2.198959,2.30778,0.4900007,0.5728343,-1.52,8.82,0.4640136,-0.3789588,-1.157506,0.034904,-1.76,0.1700001,0.1399994,9.31,-0.2400007
7.36,7.68,8.02,9819.811,9631.176,1.894931,1.834959,0.3199997,1.82,2.771793,0.25,0.0749311,0.0599999,7.3,-0.8768619,0.0149589,0.4640136,-0.3789588,0.1299996,-1.76,-1.52,7.55,0.0699997
7.36,7.58,7.81,9819.811,9635.804,1.958585,1.834959,0.2199998,1.834959,1.894931,0.3199997,0.1236261,0.0,7.36,0.0636538,0.0,-0.8768619,0.0149589,-0.0999999,0.1299996,0.0599999,7.68,-0.0999999
7.22,7.34,7.41,9823.178,9646.928,1.94456,1.800055,0.1200004,1.834959,1.958585,0.2199998,0.1096015,-0.1400003,7.36,-0.0140246,-0.0349041,0.0636538,0,-0.2399998,-0.0999999,0,7.58,-0.0999994
6.49,6.7,6.88,9840.771,9676.718,2.009373,1.618055,0.21,1.800055,1.94456,0.1200004,0.2093184,-0.73,7.22,0.0648128,-0.182,-0.0140246,-0.0349041,-0.6400003,-0.2399998,-0.1400003,7.34,0.0899997
5.27,5.35,5.52,9870.314,9740.164,2.000644,1.31389,0.0799999,1.618055,2.009373,0.21,0.3825892,-1.22,6.49,-0.0087292,-0.3041643,0.0648128,-0.182,-1.35,-0.6400003,-0.73,6.7,-0.1300001
5.51,5.62,5.75,9864.489,9727.409,1.276418,1.373726,0.1099997,1.31389,2.000644,0.0799999,-0.0374726,0.2400002,5.27,-0.7242261,0.0598357,-0.0087292,-0.3041643,0.27,-1.35,-1.22,5.35,0.0299997
5.58,5.66,5.87,9862.791,9725.521,1.391756,1.391178,0.0799999,1.373726,1.276418,0.1099997,0.0180303,0.0699997,5.51,0.1153386,0.0174519,-0.7242261,0.0598357,0.04,0.27,0.2400002,5.62,-0.0299997
5.8,6.41,6.81,9857.458,9690.277,1.356601,1.446027,0.6099997,1.391178,1.391756,0.0799999,-0.034577,0.2200003,5.58,-0.0351554,0.0548494,0.1153386,0.0174519,0.75,0.04,0.0699997,5.66,0.5299997
6.42,6.6,7.12,9842.461,9681.39,1.570477,1.600603,0.1799998,1.446027,1.356601,0.6099997,0.1244497,0.6199999,5.8,0.2138761,0.1545753,-0.0351554,0.0548494,0.1900001,0.75,0.2200003,6.41,-0.4299998
5.41,6.4,6.97,9866.916,9690.746,1.91632,1.348794,0.9900002,1.600603,1.570477,0.1799998,0.3157169,-1.01,6.42,0.3458425,-0.2518083,0.2138761,0.1545753,-0.1999998,0.1900001,0.6199999,6.6,0.8100004
5.74,6.0,6.55,9858.912,9709.513,1.735326,1.431068,0.2600002,1.348794,1.91632,0.9900002,0.3865314,0.3299999,5.41,-0.1809938,0.082274,0.3458425,-0.2518083,-0.4000001,-0.1999998,-1.01,6.4,-0.73
6.72,7.16,7.62,9835.221,9655.288,1.294689,1.675397,0.4400001,1.431068,1.735326,0.2600002,-0.1363792,0.98,5.74,-0.4406366,0.2443287,-0.1809938,0.082274,1.16,-0.4000001,0.3299999,6.0,0.1799998
7.51,7.89,8.26,9816.206,9621.473,1.66663,1.872356,0.3799996,1.675397,1.294689,0.4400001,-0.0087668,0.7900004,6.72,0.3719412,0.196959,-0.4406366,0.2443287,0.73,1.16,0.98,7.16,-0.0600004
8.08,8.4,8.61,9802.531,9597.989,1.881818,2.014466,0.3199997,1.872356,1.66663,0.3799996,0.0094618,0.5699997,7.51,0.2151875,0.1421096,0.3719412,0.196959,0.5099998,0.73,0.7900004,7.89,-0.0599999
8.97,9.3,9.37,9781.256,9556.825,1.909427,2.236356,0.3299999,2.014466,1.881818,0.3199997,-0.1050388,0.8900003,8.08,0.0276091,0.2218904,0.2151875,0.1421096,0.9000006,0.5099998,0.5699997,8.4,0.0100002
8.92,8.86,8.86,9782.449,9576.905,2.360868,2.223891,-0.0600004,2.236356,1.909427,0.3299999,0.1245117,-0.0500002,8.97,0.4514409,-0.0124657,0.0276091,0.2218904,-0.4400005,0.9000006,0.8900003,9.3,-0.3900003
8.16,8.22,8.29,9800.615,9606.265,2.335932,2.034411,0.0600004,2.223891,2.360868,-0.0600004,0.112041,-0.7600002,8.92,-0.0249364,-0.1894796,0.4514409,-0.0124657,-0.6399994,-0.4400005,-0.0500002,8.86,0.1200008
7.85,7.79,7.7,9808.045,9626.091,2.100507,1.957123,-0.0599999,2.034411,2.335932,0.0600004,0.0660961,-0.3099999,8.16,-0.2354245,-0.0772877,-0.0249364,-0.1894796,-0.4300003,-0.6399994,-0.7600002,8.22,-0.1200004
