92.6,2.32,1,4.528289,0.8415672,.,..1,..2,..3,..4,..5,..6,..7,..8,..9,..10,..11,..12,..13,..14
92.5,2.32,2,4.527209,0.8415672,-0.0010805,0.0,.,.,.,.,.,.,.,.,.,.,.,.,.
92.6,2.32,3,4.528289,0.8415672,0.0010805,0.0,0,.,.,.,.,.,.,.,.,.,.,.,-0.0010805
92.7,2.34,4,4.529368,0.8501509,0.0010791,0.0085837,0,0,.,.,.,.,.,.,.,.,.,.,0.0010805
92.7,2.35,5,4.529368,0.8544153,0.0,0.0042644,0.0085837,0,0,.,.,.,.,.,.,.,.,.,0.0010791
92.9,2.36,6,4.531524,0.8586616,0.0021553,0.0042463,0.0042644,0.0085837,0,0,.,.,.,.,.,.,.,.,0
93.1,2.36,7,4.533674,0.8586616,0.0021505,0.0,0.0042463,0.0042644,0.0085837,0,0,.,.,.,.,.,.,.,0.0021553
93.0,2.37,8,4.532599,0.8628899,-0.0010748,0.0042283,0,0.0042463,0.0042644,0.0085837,0,0,.,.,.,.,.,.,0.0021505
93.2,2.4,9,4.534748,0.8754688,0.0021482,0.0125789,0.0042283,0,0.0042463,0.0042644,0.0085837,0,0,.,.,.,.,.,-0.0010748
93.3,2.39,10,4.53582,0.8712934,0.0010724,-0.0041754,0.0125789,0.0042283,0,0.0042463,0.0042644,0.0085837,0,0,.,.,.,.,0.0021482
93.5,2.4,11,4.537961,0.8754688,0.0021415,0.0041754,-0.0041754,0.0125789,0.0042283,0,0.0042463,0.0042644,0.0085837,0,0,.,.,.,0.0010724
93.6,2.4,12,4.539031,0.8754688,0.0010691,0.0,0.0041754,-0.0041754,0.0125789,0.0042283,0,0.0042463,0.0042644,0.0085837,0,0,.,.,0.0021415
93.6,2.4,13,4.539031,0.8754688,0.0,0.0,0,0.0041754,-0.0041754,0.0125789,0.0042283,0,0.0042463,0.0042644,0.0085837,0,0,.,0.0010691
93.6,2.42,14,4.539031,0.8837675,0.0,0.0082988,0,0,0.0041754,-0.0041754,0.0125789,0.0042283,0,0.0042463,0.0042644,0.0085837,0,0,0
93.7,2.42,15,4.540098,0.8837675,0.0010676,0.0,0.0082988,0,0,0.0041754,-0.0041754,0.0125789,0.0042283,0,0.0042463,0.0042644,0.0085837,0,0
94.0,2.42,16,4.543295,0.8837675,0.0031967,0.0,0,0.0082988,0,0,0.0041754,-0.0041754,0.0125789,0.0042283,0,0.0042463,0.0042644,0.0085837,0.0010676
94.2,2.45,17,4.54542,0.8960881,0.0021253,0.0123205,0,0,0.0082988,0,0,0.0041754,-0.0041754,0.0125789,0.0042283,0,0.0042463,0.0042644,0.0031967
94.7,2.46,18,4.550714,0.9001614,0.0052938,0.0040733,0.0123205,0,0,0.0082988,0,0,0.0041754,-0.0041754,0.0125789,0.0042283,0,0.0042463,0.0021253
94.8,2.46,19,4.551769,0.9001614,0.0010552,0.0,0.0040733,0.0123205,0,0,0.0082988,0,0,0.0041754,-0.0041754,0.0125789,0.0042283,0,0.0052938
94.6,2.46,20,4.549657,0.9001614,-0.0021119,0.0,0,0.0040733,0.0123205,0,0,0.0082988,0,0,0.0041754,-0.0041754,0.0125789,0.0042283,0.0010552
94.8,2.49,21,4.551769,0.9122827,0.0021119,0.0121213,0,0,0.0040733,0.0123205,0,0,0.0082988,0,0,0.0041754,-0.0041754,0.0125789,-0.0021119
94.9,2.5,22,4.552824,0.9162908,0.0010543,0.0040081,0.0121213,0,0,0.0040733,0.0123205,0,0,0.0082988,0,0,0.0041754,-0.0041754,0.0021119
95.1,2.5,23,4.554929,0.9162908,0.0021052,0.0,0.0040081,0.0121213,0,0,0.0040733,0.0123205,0,0,0.0082988,0,0,0.0041754,0.0010543
95.4,2.5,24,4.558079,0.9162908,0.00315,0.0,0,0.0040081,0.0121213,0,0,0.0040733,0.0123205,0,0,0.0082988,0,0,0.0021052
95.4,2.51,25,4.558079,0.9202827,0.0,0.003992,0,0,0.0040081,0.0121213,0,0,0.0040733,0.0123205,0,0,0.0082988,0,0.00315
96.0,2.52,26,4.564348,0.9242589,0.0062695,0.0039762,0.003992,0,0,0.0040081,0.0121213,0,0,0.0040733,0.0123205,0,0,0.0082988,0
96.3,2.52,27,4.567468,0.9242589,0.0031199,0.0,0.0039762,0.003992,0,0,0.0040081,0.0121213,0,0,0.0040733,0.0123205,0,0,0.0062695
96.7,2.54,28,4.571613,0.9321641,0.0041451,0.0079052,0,0.0039762,0.003992,0,0,0.0040081,0.0121213,0,0,0.0040733,0.0123205,0,0.0031199
96.8,2.55,29,4.572647,0.9360933,0.0010338,0.0039293,0.0079052,0,0.0039762,0.003992,0,0,0.0040081,0.0121213,0,0,0.0040733,0.0123205,0.0041451
97.1,2.56,30,4.575741,0.9400072,0.0030942,0.0039139,0.0039293,0.0079052,0,0.0039762,0.003992,0,0,0.0040081,0.0121213,0,0,0.0040733,0.0010338
97.4,2.57,31,4.578826,0.9439059,0.0030851,0.0038987,0.0039139,0.0039293,0.0079052,0,0.0039762,0.003992,0,0,0.0040081,0.0121213,0,0,0.0030942
97.9,2.57,32,4.583947,0.9439059,0.0051203,0.0,0.0038987,0.0039139,0.0039293,0.0079052,0,0.0039762,0.003992,0,0,0.0040081,0.0121213,0,0.0030851
98.1,2.61,33,4.585988,0.9593502,0.0020409,0.0154443,0,0.0038987,0.0039139,0.0039293,0.0079052,0,0.0039762,0.003992,0,0,0.0040081,0.0121213,0.0051203
98.5,2.61,34,4.590056,0.9593502,0.0040689,0.0,0.0154443,0,0.0038987,0.0039139,0.0039293,0.0079052,0,0.0039762,0.003992,0,0,0.0040081,0.0020409
98.5,2.61,35,4.590056,0.9593502,0.0,0.0,0,0.0154443,0,0.0038987,0.0039139,0.0039293,0.0079052,0,0.0039762,0.003992,0,0,0.0040689
98.6,2.6,36,4.591071,0.9555114,0.0010147,-0.0038388,0,0,0.0154443,0,0.0038987,0.0039139,0.0039293,0.0079052,0,0.0039762,0.003992,0,0
98.6,2.62,37,4.591071,0.9631743,0.0,0.0076629,-0.0038388,0,0,0.0154443,0,0.0038987,0.0039139,0.0039293,0.0079052,0,0.0039762,0.003992,0.0010147
98.7,2.63,38,4.592085,0.9669839,0.0010138,0.0038096,0.0076629,-0.0038388,0,0,0.0154443,0,0.0038987,0.0039139,0.0039293,0.0079052,0,0.0039762,0
98.9,2.63,39,4.594109,0.9669839,0.0020242,0.0,0.0038096,0.0076629,-0.0038388,0,0,0.0154443,0,0.0038987,0.0039139,0.0039293,0.0079052,0,0.0010138
99.1,2.64,40,4.596129,0.9707789,0.0020204,0.003795,0,0.0038096,0.0076629,-0.0038388,0,0,0.0154443,0,0.0038987,0.0039139,0.0039293,0.0079052,0.0020242
99.4,2.66,41,4.599152,0.9783261,0.0030227,0.0075472,0.003795,0,0.0038096,0.0076629,-0.0038388,0,0,0.0154443,0,0.0038987,0.0039139,0.0039293,0.0020204
99.7,2.67,42,4.602166,0.9820785,0.0030136,0.0037524,0.0075472,0.003795,0,0.0038096,0.0076629,-0.0038388,0,0,0.0154443,0,0.0038987,0.0039139,0.0030227
100.2,2.69,43,4.607168,0.9895412,0.0050025,0.0074627,0.0037524,0.0075472,0.003795,0,0.0038096,0.0076629,-0.0038388,0,0,0.0154443,0,0.0038987,0.0030136
100.5,2.69,44,4.610157,0.9895412,0.0029893,0.0,0.0074627,0.0037524,0.0075472,0.003795,0,0.0038096,0.0076629,-0.0038388,0,0,0.0154443,0,0.0050025
100.7,2.72,45,4.612146,1.000632,0.0019884,0.0110907,0,0.0074627,0.0037524,0.0075472,0.003795,0,0.0038096,0.0076629,-0.0038388,0,0,0.0154443,0.0029893
101.0,2.73,46,4.61512,1.004302,0.0029745,0.0036697,0.0110907,0,0.0074627,0.0037524,0.0075472,0.003795,0,0.0038096,0.0076629,-0.0038388,0,0,0.0019884
101.3,2.74,47,4.618086,1.007958,0.0029659,0.0036563,0.0036697,0.0110907,0,0.0074627,0.0037524,0.0075472,0.003795,0,0.0038096,0.0076629,-0.0038388,0,0.0029745
101.6,2.73,48,4.621044,1.004302,0.0029573,-0.0036563,0.0036563,0.0036697,0.0110907,0,0.0074627,0.0037524,0.0075472,0.003795,0,0.0038096,0.0076629,-0.0038388,0.0029659
102.0,2.76,49,4.624973,1.015231,0.0039291,0.010929,-0.0036563,0.0036563,0.0036697,0.0110907,0,0.0074627,0.0037524,0.0075472,0.003795,0,0.0038096,0.0076629,0.0029573
102.3,2.78,50,4.62791,1.022451,0.0029368,0.0072203,0.010929,-0.0036563,0.0036563,0.0036697,0.0110907,0,0.0074627,0.0037524,0.0075472,0.003795,0,0.0038096,0.0039291
102.8,2.79,51,4.632785,1.026042,0.0048757,0.0035907,0.0072203,0.010929,-0.0036563,0.0036563,0.0036697,0.0110907,0,0.0074627,0.0037524,0.0075472,0.003795,0,0.0029368
103.1,2.8,52,4.635699,1.029619,0.002914,0.0035778,0.0035907,0.0072203,0.010929,-0.0036563,0.0036563,0.0036697,0.0110907,0,0.0074627,0.0037524,0.0075472,0.003795,0.0048757
103.4,2.83,53,4.638605,1.040277,0.0029058,0.0106572,0.0035778,0.0035907,0.0072203,0.010929,-0.0036563,0.0036563,0.0036697,0.0110907,0,0.0074627,0.0037524,0.0075472,0.002914
104.0,2.84,54,4.644391,1.043804,0.0057859,0.0035274,0.0106572,0.0035778,0.0035907,0.0072203,0.010929,-0.0036563,0.0036563,0.0036697,0.0110907,0,0.0074627,0.0037524,0.0029058
104.5,2.85,55,4.649187,1.047319,0.004796,0.0035149,0.0035274,0.0106572,0.0035778,0.0035907,0.0072203,0.010929,-0.0036563,0.0036563,0.0036697,0.0110907,0,0.0074627,0.0057859
104.8,2.86,56,4.652054,1.050822,0.0028667,0.0035026,0.0035149,0.0035274,0.0106572,0.0035778,0.0035907,0.0072203,0.010929,-0.0036563,0.0036563,0.0036697,0.0110907,0,0.004796
105.1,2.91,57,4.654912,1.068153,0.0028586,0.0173316,0.0035026,0.0035149,0.0035274,0.0106572,0.0035778,0.0035907,0.0072203,0.010929,-0.0036563,0.0036563,0.0036697,0.0110907,0.0028667
105.7,2.92,58,4.660605,1.071584,0.0056925,0.0034305,0.0173316,0.0035026,0.0035149,0.0035274,0.0106572,0.0035778,0.0035907,0.0072203,0.010929,-0.0036563,0.0036563,0.0036697,0.0028586
106.1,2.92,59,4.664382,1.071584,0.003777,0.0,0.0034305,0.0173316,0.0035026,0.0035149,0.0035274,0.0106572,0.0035778,0.0035907,0.0072203,0.010929,-0.0036563,0.0036563,0.0056925
106.4,2.93,60,4.667206,1.075002,0.0028238,0.0034188,0,0.0034305,0.0173316,0.0035026,0.0035149,0.0035274,0.0106572,0.0035778,0.0035907,0.0072203,0.010929,-0.0036563,0.003777
106.7,2.94,61,4.670021,1.07841,0.0028152,0.0034071,0.0034188,0,0.0034305,0.0173316,0.0035026,0.0035149,0.0035274,0.0106572,0.0035778,0.0035907,0.0072203,0.010929,0.0028238
107.1,2.96,62,4.673763,1.085189,0.0037417,0.0067797,0.0034071,0.0034188,0,0.0034305,0.0173316,0.0035026,0.0035149,0.0035274,0.0106572,0.0035778,0.0035907,0.0072203,0.0028152
108.0,2.97,63,4.682131,1.088562,0.0083685,0.0033728,0.0067797,0.0034071,0.0034188,0,0.0034305,0.0173316,0.0035026,0.0035149,0.0035274,0.0106572,0.0035778,0.0035907,0.0037417
108.7,2.99,64,4.688592,1.095273,0.0064607,0.0067114,0.0033728,0.0067797,0.0034071,0.0034188,0,0.0034305,0.0173316,0.0035026,0.0035149,0.0035274,0.0106572,0.0035778,0.0083685
109.0,3.02,65,4.691348,1.105257,0.0027561,0.0099834,0.0067114,0.0033728,0.0067797,0.0034071,0.0034188,0,0.0034305,0.0173316,0.0035026,0.0035149,0.0035274,0.0106572,0.0064607
109.7,3.04,66,4.697749,1.111858,0.0064011,0.0066007,0.0099834,0.0067114,0.0033728,0.0067797,0.0034071,0.0034188,0,0.0034305,0.0173316,0.0035026,0.0035149,0.0035274,0.0027561
110.2,3.05,67,4.702297,1.115142,0.0045476,0.0032841,0.0066007,0.0099834,0.0067114,0.0033728,0.0067797,0.0034071,0.0034188,0,0.0034305,0.0173316,0.0035026,0.0035149,0.0064011
110.7,3.06,68,4.706824,1.118415,0.0045271,0.0032732,0.0032841,0.0066007,0.0099834,0.0067114,0.0033728,0.0067797,0.0034071,0.0034188,0,0.0034305,0.0173316,0.0035026,0.0045476
111.2,3.11,69,4.71133,1.134623,0.0045066,0.0162078,0.0032732,0.0032841,0.0066007,0.0099834,0.0067114,0.0033728,0.0067797,0.0034071,0.0034188,0,0.0034305,0.0173316,0.0045271
111.6,3.12,70,4.714921,1.137833,0.0035906,0.0032103,0.0162078,0.0032732,0.0032841,0.0066007,0.0099834,0.0067114,0.0033728,0.0067797,0.0034071,0.0034188,0,0.0034305,0.0045066
112.2,3.13,71,4.720283,1.141033,0.005362,0.0032001,0.0032103,0.0162078,0.0032732,0.0032841,0.0066007,0.0099834,0.0067114,0.0033728,0.0067797,0.0034071,0.0034188,0,0.0035906
112.9,3.12,72,4.726502,1.137833,0.0062194,-0.0032001,0.0032001,0.0032103,0.0162078,0.0032732,0.0032841,0.0066007,0.0099834,0.0067114,0.0033728,0.0067797,0.0034071,0.0034188,0.005362
113.3,3.13,73,4.730039,1.141033,0.0035367,0.0032001,-0.0032001,0.0032001,0.0032103,0.0162078,0.0032732,0.0032841,0.0066007,0.0099834,0.0067114,0.0033728,0.0067797,0.0034071,0.0062194
113.9,3.15,74,4.735321,1.147403,0.0052819,0.0063695,0.0032001,-0.0032001,0.0032001,0.0032103,0.0162078,0.0032732,0.0032841,0.0066007,0.0099834,0.0067114,0.0033728,0.0067797,0.0035367
114.5,3.17,75,4.740575,1.153732,0.0052538,0.0063291,0.0063695,0.0032001,-0.0032001,0.0032001,0.0032103,0.0162078,0.0032732,0.0032841,0.0066007,0.0099834,0.0067114,0.0033728,0.0052819
115.2,3.18,76,4.74667,1.156881,0.0060949,0.0031496,0.0063291,0.0063695,0.0032001,-0.0032001,0.0032001,0.0032103,0.0162078,0.0032732,0.0032841,0.0066007,0.0099834,0.0067114,0.0052538
115.7,3.2,77,4.751,1.163151,0.0043306,0.0062696,0.0031496,0.0063291,0.0063695,0.0032001,-0.0032001,0.0032001,0.0032103,0.0162078,0.0032732,0.0032841,0.0066007,0.0099834,0.0060949
116.3,3.22,78,4.756173,1.169381,0.0051727,0.0062306,0.0062696,0.0031496,0.0063291,0.0063695,0.0032001,-0.0032001,0.0032001,0.0032103,0.0162078,0.0032732,0.0032841,0.0066007,0.0043306
116.7,3.24,79,4.759606,1.175573,0.0034332,0.006192,0.0062306,0.0062696,0.0031496,0.0063291,0.0063695,0.0032001,-0.0032001,0.0032001,0.0032103,0.0162078,0.0032732,0.0032841,0.0051727
116.9,3.25,80,4.761319,1.178655,0.0017123,0.0030817,0.006192,0.0062306,0.0062696,0.0031496,0.0063291,0.0063695,0.0032001,-0.0032001,0.0032001,0.0032103,0.0162078,0.0032732,0.0034332
117.5,3.29,81,4.766438,1.190888,0.0051198,0.0122325,0.0030817,0.006192,0.0062306,0.0062696,0.0031496,0.0063291,0.0063695,0.0032001,-0.0032001,0.0032001,0.0032103,0.0162078,0.0017123
118.1,3.29,82,4.771532,1.190888,0.0050931,0.0,0.0122325,0.0030817,0.006192,0.0062306,0.0062696,0.0031496,0.0063291,0.0063695,0.0032001,-0.0032001,0.0032001,0.0032103,0.0051198
118.5,3.29,83,4.774913,1.190888,0.0033813,0.0,0,0.0122325,0.0030817,0.006192,0.0062306,0.0062696,0.0031496,0.0063291,0.0063695,0.0032001,-0.0032001,0.0032001,0.0050931
119.1,3.31,84,4.779963,1.196948,0.0050507,0.0060606,0,0,0.0122325,0.0030817,0.006192,0.0062306,0.0062696,0.0031496,0.0063291,0.0063695,0.0032001,-0.0032001,0.0033813
119.2,3.34,85,4.780803,1.205971,0.0008392,0.0090226,0.0060606,0,0,0.0122325,0.0030817,0.006192,0.0062306,0.0062696,0.0031496,0.0063291,0.0063695,0.0032001,0.0050507
119.4,3.36,86,4.782479,1.211941,0.0016766,0.0059701,0.0090226,0.0060606,0,0,0.0122325,0.0030817,0.006192,0.0062306,0.0062696,0.0031496,0.0063291,0.0063695,0.0008392
119.8,3.38,87,4.785824,1.217876,0.0033445,0.0059348,0.0059701,0.0090226,0.0060606,0,0,0.0122325,0.0030817,0.006192,0.0062306,0.0062696,0.0031496,0.0063291,0.0016766
120.2,3.4,88,4.789157,1.223776,0.0033331,0.0058998,0.0059348,0.0059701,0.0090226,0.0060606,0,0,0.0122325,0.0030817,0.006192,0.0062306,0.0062696,0.0031496,0.0033445
120.8,3.43,89,4.794137,1.23256,0.0049796,0.0087848,0.0058998,0.0059348,0.0059701,0.0090226,0.0060606,0,0,0.0122325,0.0030817,0.006192,0.0062306,0.0062696,0.0033331
121.5,3.45,90,4.799914,1.238374,0.0057778,0.005814,0.0087848,0.0058998,0.0059348,0.0059701,0.0090226,0.0060606,0,0,0.0122325,0.0030817,0.006192,0.0062306,0.0049796
121.8,3.46,91,4.802381,1.241269,0.0024662,0.0028944,0.005814,0.0087848,0.0058998,0.0059348,0.0059701,0.0090226,0.0060606,0,0,0.0122325,0.0030817,0.006192,0.0057778
122.1,3.48,92,4.804841,1.247032,0.00246,0.0057636,0.0028944,0.005814,0.0087848,0.0058998,0.0059348,0.0059701,0.0090226,0.0060606,0,0,0.0122325,0.0030817,0.0024662
122.2,3.52,93,4.805659,1.258461,0.0008183,0.0114287,0.0057636,0.0028944,0.005814,0.0087848,0.0058998,0.0059348,0.0059701,0.0090226,0.0060606,0,0,0.0122325,0.00246
122.4,3.53,94,4.807294,1.261298,0.0016356,0.0028368,0.0114287,0.0057636,0.0028944,0.005814,0.0087848,0.0058998,0.0059348,0.0059701,0.0090226,0.0060606,0,0,0.0008183
122.6,3.52,95,4.808927,1.258461,0.0016327,-0.0028368,0.0028368,0.0114287,0.0057636,0.0028944,0.005814,0.0087848,0.0058998,0.0059348,0.0059701,0.0090226,0.0060606,0,0.0016356
123.1,3.55,96,4.812997,1.266948,0.0040698,0.0084866,-0.0028368,0.0028368,0.0114287,0.0057636,0.0028944,0.005814,0.0087848,0.0058998,0.0059348,0.0059701,0.0090226,0.0060606,0.0016327
123.2,3.6,97,4.813809,1.280934,0.0008121,0.0139862,0.0084866,-0.0028368,0.0028368,0.0114287,0.0057636,0.0028944,0.005814,0.0087848,0.0058998,0.0059348,0.0059701,0.0090226,0.0040698
123.8,3.61,98,4.818667,1.283708,0.0048585,0.0027739,0.0139862,0.0084866,-0.0028368,0.0028368,0.0114287,0.0057636,0.0028944,0.005814,0.0087848,0.0058998,0.0059348,0.0059701,0.0008121
124.0,3.62,99,4.820282,1.286474,0.0016141,0.0027663,0.0027739,0.0139862,0.0084866,-0.0028368,0.0028368,0.0114287,0.0057636,0.0028944,0.005814,0.0087848,0.0058998,0.0059348,0.0048585
124.3,3.65,100,4.822698,1.294727,0.0024166,0.0082532,0.0027663,0.0027739,0.0139862,0.0084866,-0.0028368,0.0028368,0.0114287,0.0057636,0.0028944,0.005814,0.0087848,0.0058998,0.0016141
124.7,3.67,101,4.825911,1.300192,0.0032129,0.0054644,0.0082532,0.0027663,0.0027739,0.0139862,0.0084866,-0.0028368,0.0028368,0.0114287,0.0057636,0.0028944,0.005814,0.0087848,0.0024166
125.0,3.67,102,4.828314,1.300192,0.0024028,0.0,0.0054644,0.0082532,0.0027663,0.0027739,0.0139862,0.0084866,-0.0028368,0.0028368,0.0114287,0.0057636,0.0028944,0.005814,0.0032129
125.5,3.69,103,4.832306,1.305627,0.0039921,0.0054349,0,0.0054644,0.0082532,0.0027663,0.0027739,0.0139862,0.0084866,-0.0028368,0.0028368,0.0114287,0.0057636,0.0028944,0.0024028
125.7,3.71,104,4.833898,1.311032,0.0015922,0.0054054,0.0054349,0,0.0054644,0.0082532,0.0027663,0.0027739,0.0139862,0.0084866,-0.0028368,0.0028368,0.0114287,0.0057636,0.0039921
126.2,3.77,105,4.837868,1.327075,0.0039697,0.0160431,0.0054054,0.0054349,0,0.0054644,0.0082532,0.0027663,0.0027739,0.0139862,0.0084866,-0.0028368,0.0028368,0.0114287,0.0015922
126.6,3.79,106,4.841033,1.332366,0.0031648,0.005291,0.0160431,0.0054054,0.0054349,0,0.0054644,0.0082532,0.0027663,0.0027739,0.0139862,0.0084866,-0.0028368,0.0028368,0.0039697
126.9,3.78,107,4.8434,1.329724,0.002367,-0.002642,0.005291,0.0160431,0.0054054,0.0054349,0,0.0054644,0.0082532,0.0027663,0.0027739,0.0139862,0.0084866,-0.0028368,0.0031648
127.3,3.8,108,4.846547,1.335001,0.0031471,0.0052772,-0.002642,0.005291,0.0160431,0.0054054,0.0054349,0,0.0054644,0.0082532,0.0027663,0.0027739,0.0139862,0.0084866,0.002367
127.7,3.82,109,4.849684,1.34025,0.0031371,0.0052493,0.0052772,-0.002642,0.005291,0.0160431,0.0054054,0.0054349,0,0.0054644,0.0082532,0.0027663,0.0027739,0.0139862,0.0031471
128.6,3.83,110,4.856707,1.342865,0.0070233,0.0026144,0.0052493,0.0052772,-0.002642,0.005291,0.0160431,0.0054054,0.0054349,0,0.0054644,0.0082532,0.0027663,0.0027739,0.0031371
129.8,3.85,111,4.865995,1.348073,0.0092878,0.0052084,0.0026144,0.0052493,0.0052772,-0.002642,0.005291,0.0160431,0.0054054,0.0054349,0,0.0054644,0.0082532,0.0027663,0.0070233
130.7,3.88,112,4.872905,1.355835,0.0069098,0.0077621,0.0052084,0.0026144,0.0052493,0.0052772,-0.002642,0.005291,0.0160431,0.0054054,0.0054349,0,0.0054644,0.0082532,0.0092878
131.5,3.9,113,4.879007,1.360977,0.0061021,0.0051414,0.0077621,0.0052084,0.0026144,0.0052493,0.0052772,-0.002642,0.005291,0.0160431,0.0054054,0.0054349,0,0.0054644,0.0069098
132.4,3.92,114,4.885828,1.366092,0.0068207,0.0051152,0.0051414,0.0077621,0.0052084,0.0026144,0.0052493,0.0052772,-0.002642,0.005291,0.0160431,0.0054054,0.0054349,0,0.0061021
132.7,3.95,115,4.888091,1.373716,0.0022635,0.0076239,0.0051152,0.0051414,0.0077621,0.0052084,0.0026144,0.0052493,0.0052772,-0.002642,0.005291,0.0160431,0.0054054,0.0054349,0.0068207
135.1,3.95,116,4.906015,1.373716,0.0179243,0.0,0.0076239,0.0051152,0.0051414,0.0077621,0.0052084,0.0026144,0.0052493,0.0052772,-0.002642,0.005291,0.0160431,0.0054054,0.0022635
135.5,4.03,117,4.908972,1.393766,0.0029564,0.0200508,0,0.0076239,0.0051152,0.0051414,0.0077621,0.0052084,0.0026144,0.0052493,0.0052772,-0.002642,0.005291,0.0160431,0.0179243
136.6,4.04,118,4.917057,1.396245,0.0080853,0.0024782,0.0200508,0,0.0076239,0.0051152,0.0051414,0.0077621,0.0052084,0.0026144,0.0052493,0.0052772,-0.002642,0.005291,0.0029564
137.6,4.05,119,4.924351,1.398717,0.0072937,0.0024723,0.0024782,0.0200508,0,0.0076239,0.0051152,0.0051414,0.0077621,0.0052084,0.0026144,0.0052493,0.0052772,-0.002642,0.0080853
138.5,4.05,120,4.930871,1.398717,0.0065198,0.0,0.0024723,0.0024782,0.0200508,0,0.0076239,0.0051152,0.0051414,0.0077621,0.0052084,0.0026144,0.0052493,0.0052772,0.0072937
139.7,4.07,121,4.939497,1.403643,0.0086269,0.0049261,0,0.0024723,0.0024782,0.0200508,0,0.0076239,0.0051152,0.0051414,0.0077621,0.0052084,0.0026144,0.0052493,0.0065198
141.5,4.09,122,4.9523,1.408545,0.0128021,0.004902,0.0049261,0,0.0024723,0.0024782,0.0200508,0,0.0076239,0.0051152,0.0051414,0.0077621,0.0052084,0.0026144,0.0086269
143.1,4.1,123,4.963544,1.410987,0.0112443,0.0024419,0.004902,0.0049261,0,0.0024723,0.0024782,0.0200508,0,0.0076239,0.0051152,0.0051414,0.0077621,0.0052084,0.0128021
143.9,4.12,124,4.969119,1.415853,0.0055747,0.0048662,0.0024419,0.004902,0.0049261,0,0.0024723,0.0024782,0.0200508,0,0.0076239,0.0051152,0.0051414,0.0077621,0.0112443
145.5,4.19,125,4.980176,1.432701,0.0110574,0.0168476,0.0048662,0.0024419,0.004902,0.0049261,0,0.0024723,0.0024782,0.0200508,0,0.0076239,0.0051152,0.0051414,0.0055747
146.9,4.23,126,4.989752,1.442202,0.0095758,0.0095012,0.0168476,0.0048662,0.0024419,0.004902,0.0049261,0,0.0024723,0.0024782,0.0200508,0,0.0076239,0.0051152,0.0110574
148.0,4.24,127,4.997212,1.444563,0.0074606,0.0023613,0.0095012,0.0168476,0.0048662,0.0024419,0.004902,0.0049261,0,0.0024723,0.0024782,0.0200508,0,0.0076239,0.0095758
149.9,4.27,128,5.009968,1.451614,0.0127559,0.0070505,0.0023613,0.0095012,0.0168476,0.0048662,0.0024419,0.004902,0.0049261,0,0.0024723,0.0024782,0.0200508,0,0.0074606
151.7,4.37,129,5.021905,1.474763,0.0119367,0.0231493,0.0070505,0.0023613,0.0095012,0.0168476,0.0048662,0.0024419,0.004902,0.0049261,0,0.0024723,0.0024782,0.0200508,0.0127559
153.0,4.38,130,5.030438,1.477049,0.008533,0.0022857,0.0231493,0.0070505,0.0023613,0.0095012,0.0168476,0.0048662,0.0024419,0.004902,0.0049261,0,0.0024723,0.0024782,0.0119367
154.3,4.38,131,5.038899,1.477049,0.008461,0.0,0.0022857,0.0231493,0.0070505,0.0023613,0.0095012,0.0168476,0.0048662,0.0024419,0.004902,0.0049261,0,0.0024723,0.008533
155.4,4.4,132,5.046002,1.481605,0.0071034,0.0045558,0,0.0022857,0.0231493,0.0070505,0.0023613,0.0095012,0.0168476,0.0048662,0.0024419,0.004902,0.0049261,0,0.008461
156.1,4.41,133,5.050497,1.483875,0.0044947,0.0022701,0.0045558,0,0.0022857,0.0231493,0.0070505,0.0023613,0.0095012,0.0168476,0.0048662,0.0024419,0.004902,0.0049261,0.0071034
157.2,4.42,134,5.057519,1.48614,0.0070219,0.002265,0.0022701,0.0045558,0,0.0022857,0.0231493,0.0070505,0.0023613,0.0095012,0.0168476,0.0048662,0.0024419,0.004902,0.0044947
157.8,4.44,135,5.061328,1.490654,0.0038095,0.0045147,0.002265,0.0022701,0.0045558,0,0.0022857,0.0231493,0.0070505,0.0023613,0.0095012,0.0168476,0.0048662,0.0024419,0.0070219
158.6,4.45,136,5.066385,1.492904,0.0050569,0.0022497,0.0045147,0.002265,0.0022701,0.0045558,0,0.0022857,0.0231493,0.0070505,0.0023613,0.0095012,0.0168476,0.0048662,0.0038095
159.3,4.48,137,5.070789,1.499623,0.0044041,0.006719,0.0022497,0.0045147,0.002265,0.0022701,0.0045558,0,0.0022857,0.0231493,0.0070505,0.0023613,0.0095012,0.0168476,0.0050569
160.6,4.51,138,5.078917,1.506297,0.0081277,0.0066742,0.006719,0.0022497,0.0045147,0.002265,0.0022701,0.0045558,0,0.0022857,0.0231493,0.0070505,0.0023613,0.0095012,0.0044041
162.3,4.52,139,5.089447,1.508512,0.0105295,0.0022148,0.0066742,0.006719,0.0022497,0.0045147,0.002265,0.0022701,0.0045558,0,0.0022857,0.0231493,0.0070505,0.0023613,0.0081277
162.8,4.56,140,5.092523,1.517323,0.0030761,0.0088106,0.0022148,0.0066742,0.006719,0.0022497,0.0045147,0.002265,0.0022701,0.0045558,0,0.0022857,0.0231493,0.0070505,0.0105295
163.6,4.63,141,5.097425,1.532557,0.0049019,0.0152342,0.0088106,0.0022148,0.0066742,0.006719,0.0022497,0.0045147,0.002265,0.0022701,0.0045558,0,0.0022857,0.0231493,0.0030761
164.6,4.64,142,5.103518,1.534714,0.006094,0.0021574,0.0152342,0.0088106,0.0022148,0.0066742,0.006719,0.0022497,0.0045147,0.002265,0.0022701,0.0045558,0,0.0022857,0.0049019
165.6,4.66,143,5.109575,1.539015,0.0060568,0.0043011,0.0021574,0.0152342,0.0088106,0.0022148,0.0066742,0.006719,0.0022497,0.0045147,0.002265,0.0022701,0.0045558,0,0.006094
166.3,4.67,144,5.113793,1.541159,0.0042181,0.0021436,0.0043011,0.0021574,0.0152342,0.0088106,0.0022148,0.0066742,0.006719,0.0022497,0.0045147,0.002265,0.0022701,0.0045558,0.0060568
166.7,4.71,145,5.116196,1.549688,0.0024023,0.0085288,0.0021436,0.0043011,0.0021574,0.0152342,0.0088106,0.0022148,0.0066742,0.006719,0.0022497,0.0045147,0.002265,0.0022701,0.0042181
167.1,4.73,146,5.118592,1.553925,0.0023966,0.0042373,0.0085288,0.0021436,0.0043011,0.0021574,0.0152342,0.0088106,0.0022148,0.0066742,0.006719,0.0022497,0.0045147,0.002265,0.0024023
167.5,4.74,147,5.120983,1.556037,0.0023909,0.0021119,0.0042373,0.0085288,0.0021436,0.0043011,0.0021574,0.0152342,0.0088106,0.0022148,0.0066742,0.006719,0.0022497,0.0045147,0.0023966
168.2,4.76,148,5.125154,1.560248,0.0041704,0.0042106,0.0021119,0.0042373,0.0085288,0.0021436,0.0043011,0.0021574,0.0152342,0.0088106,0.0022148,0.0066742,0.006719,0.0022497,0.0023909
169.2,4.81,149,5.131082,1.570697,0.005928,0.0104494,0.0042106,0.0021119,0.0042373,0.0085288,0.0021436,0.0043011,0.0021574,0.0152342,0.0088106,0.0022148,0.0066742,0.006719,0.0041704
170.1,4.82,150,5.136386,1.572774,0.0053048,0.0020769,0.0104494,0.0042106,0.0021119,0.0042373,0.0085288,0.0021436,0.0043011,0.0021574,0.0152342,0.0088106,0.0022148,0.0066742,0.005928
171.1,4.85,151,5.142248,1.578979,0.0058618,0.0062047,0.0020769,0.0104494,0.0042106,0.0021119,0.0042373,0.0085288,0.0021436,0.0043011,0.0021574,0.0152342,0.0088106,0.0022148,0.0053048
171.9,4.89,152,5.146913,1.587192,0.0046649,0.0082136,0.0062047,0.0020769,0.0104494,0.0042106,0.0021119,0.0042373,0.0085288,0.0021436,0.0043011,0.0021574,0.0152342,0.0088106,0.0058618
172.6,4.98,153,5.150977,1.60543,0.0040636,0.0182376,0.0082136,0.0062047,0.0020769,0.0104494,0.0042106,0.0021119,0.0042373,0.0085288,0.0021436,0.0043011,0.0021574,0.0152342,0.0046649
173.3,4.99,154,5.155024,1.607436,0.0040474,0.0020059,0.0182376,0.0082136,0.0062047,0.0020769,0.0104494,0.0042106,0.0021119,0.0042373,0.0085288,0.0021436,0.0043011,0.0021574,0.0040636
173.8,5.02,155,5.157905,1.61343,0.0028811,0.0059941,0.0020059,0.0182376,0.0082136,0.0062047,0.0020769,0.0104494,0.0042106,0.0021119,0.0042373,0.0085288,0.0021436,0.0043011,0.0040474
174.3,5.03,156,5.160778,1.61542,0.0028729,0.0019901,0.0059941,0.0020059,0.0182376,0.0082136,0.0062047,0.0020769,0.0104494,0.0042106,0.0021119,0.0042373,0.0085288,0.0021436,0.0028811
175.3,5.07,157,5.166499,1.623341,0.0057206,0.0079209,0.0019901,0.0059941,0.0020059,0.0182376,0.0082136,0.0062047,0.0020769,0.0104494,0.0042106,0.0021119,0.0042373,0.0085288,0.0028729
177.1,5.1,158,5.176714,1.629241,0.0102158,0.0058997,0.0079209,0.0019901,0.0059941,0.0020059,0.0182376,0.0082136,0.0062047,0.0020769,0.0104494,0.0042106,0.0021119,0.0042373,0.0057206
178.2,5.12,159,5.182907,1.633154,0.0061922,0.0039139,0.0058997,0.0079209,0.0019901,0.0059941,0.0020059,0.0182376,0.0082136,0.0062047,0.0020769,0.0104494,0.0042106,0.0021119,0.0102158
179.6,5.16,160,5.190732,1.640936,0.0078254,0.0077821,0.0039139,0.0058997,0.0079209,0.0019901,0.0059941,0.0020059,0.0182376,0.0082136,0.0062047,0.0020769,0.0104494,0.0042106,0.0061922
180.6,5.2,161,5.196285,1.648659,0.0055528,0.0077221,0.0077821,0.0039139,0.0058997,0.0079209,0.0019901,0.0059941,0.0020059,0.0182376,0.0082136,0.0062047,0.0020769,0.0104494,0.0078254
181.8,5.22,162,5.202907,1.652497,0.0066223,0.0038388,0.0077221,0.0077821,0.0039139,0.0058997,0.0079209,0.0019901,0.0059941,0.0020059,0.0182376,0.0082136,0.0062047,0.0020769,0.0055528
182.6,5.25,163,5.207298,1.658228,0.0043907,0.0057306,0.0038388,0.0077221,0.0077821,0.0039139,0.0058997,0.0079209,0.0019901,0.0059941,0.0020059,0.0182376,0.0082136,0.0062047,0.0066223
183.3,5.26,164,5.211124,1.660131,0.0038261,0.0019031,0.0057306,0.0038388,0.0077221,0.0077821,0.0039139,0.0058997,0.0079209,0.0019901,0.0059941,0.0020059,0.0182376,0.0082136,0.0043907
184.0,5.35,165,5.214936,1.677096,0.0038118,0.0169654,0.0019031,0.0057306,0.0038388,0.0077221,0.0077821,0.0039139,0.0058997,0.0079209,0.0019901,0.0059941,0.0020059,0.0182376,0.0038261
184.5,5.39,166,5.217649,1.684545,0.0027137,0.0074489,0.0169654,0.0019031,0.0057306,0.0038388,0.0077221,0.0077821,0.0039139,0.0058997,0.0079209,0.0019901,0.0059941,0.0020059,0.0038118
185.4,5.4,167,5.222516,1.686399,0.0048661,0.0018536,0.0074489,0.0169654,0.0019031,0.0057306,0.0038388,0.0077221,0.0077821,0.0039139,0.0058997,0.0079209,0.0019901,0.0059941,0.0027137
186.1,5.41,168,5.226284,1.688249,0.0037684,0.0018501,0.0018536,0.0074489,0.0169654,0.0019031,0.0057306,0.0038388,0.0077221,0.0077821,0.0039139,0.0058997,0.0079209,0.0019901,0.0048661
187.2,5.48,169,5.232178,1.701105,0.0058937,0.012856,0.0018501,0.0018536,0.0074489,0.0169654,0.0019031,0.0057306,0.0038388,0.0077221,0.0077821,0.0039139,0.0058997,0.0079209,0.0037684
188.4,5.5,170,5.238567,1.704748,0.0063896,0.0036429,0.012856,0.0018501,0.0018536,0.0074489,0.0169654,0.0019031,0.0057306,0.0038388,0.0077221,0.0077821,0.0039139,0.0058997,0.0058937
189.8,5.53,171,5.245971,1.710188,0.0074034,0.0054399,0.0036429,0.012856,0.0018501,0.0018536,0.0074489,0.0169654,0.0019031,0.0057306,0.0038388,0.0077221,0.0077821,0.0039139,0.0063896
191.5,5.6,172,5.254888,1.722767,0.0089169,0.0125787,0.0054399,0.0036429,0.012856,0.0018501,0.0018536,0.0074489,0.0169654,0.0019031,0.0057306,0.0038388,0.0077221,0.0077821,0.0074034
193.3,5.62,173,5.264244,1.726332,0.009356,0.003565,0.0125787,0.0054399,0.0036429,0.012856,0.0018501,0.0018536,0.0074489,0.0169654,0.0019031,0.0057306,0.0038388,0.0077221,0.0089169
195.3,5.66,174,5.274537,1.733424,0.0102935,0.0070922,0.003565,0.0125787,0.0054399,0.0036429,0.012856,0.0018501,0.0018536,0.0074489,0.0169654,0.0019031,0.0057306,0.0038388,0.009356
196.7,5.7,175,5.28168,1.740466,0.0071425,0.0070423,0.0070922,0.003565,0.0125787,0.0054399,0.0036429,0.012856,0.0018501,0.0018536,0.0074489,0.0169654,0.0019031,0.0057306,0.0102935
197.8,5.71,176,5.287256,1.742219,0.0055766,0.0017529,0.0070423,0.0070922,0.003565,0.0125787,0.0054399,0.0036429,0.012856,0.0018501,0.0018536,0.0074489,0.0169654,0.0019031,0.0071425
199.3,5.82,177,5.294811,1.7613,0.007555,0.0190814,0.0017529,0.0070423,0.0070922,0.003565,0.0125787,0.0054399,0.0036429,0.012856,0.0018501,0.0018536,0.0074489,0.0169654,0.0055766
200.9,5.87,178,5.302807,1.769855,0.0079961,0.0085543,0.0190814,0.0017529,0.0070423,0.0070922,0.003565,0.0125787,0.0054399,0.0036429,0.012856,0.0018501,0.0018536,0.0074489,0.007555
202.0,5.88,179,5.308268,1.771557,0.0054603,0.0017021,0.0085543,0.0190814,0.0017529,0.0070423,0.0070922,0.003565,0.0125787,0.0054399,0.0036429,0.012856,0.0018501,0.0018536,0.0079961
202.9,5.91,180,5.312713,1.776646,0.0044456,0.005089,0.0017021,0.0085543,0.0190814,0.0017529,0.0070423,0.0070922,0.003565,0.0125787,0.0054399,0.0036429,0.012856,0.0018501,0.0054603
204.7,5.97,181,5.321546,1.786747,0.0088325,0.0101011,0.005089,0.0017021,0.0085543,0.0190814,0.0017529,0.0070423,0.0070922,0.003565,0.0125787,0.0054399,0.0036429,0.012856,0.0044456
207.1,6.0,182,5.333202,1.791759,0.0116563,0.0050126,0.0101011,0.005089,0.0017021,0.0085543,0.0190814,0.0017529,0.0070423,0.0070922,0.003565,0.0125787,0.0054399,0.0036429,0.0088325
209.1,6.02,183,5.342813,1.795087,0.0096107,0.0033277,0.0050126,0.0101011,0.005089,0.0017021,0.0085543,0.0190814,0.0017529,0.0070423,0.0070922,0.003565,0.0125787,0.0054399,0.0116563
211.5,6.03,184,5.354225,1.796747,0.0114126,0.0016599,0.0033277,0.0050126,0.0101011,0.005089,0.0017021,0.0085543,0.0190814,0.0017529,0.0070423,0.0070922,0.003565,0.0125787,0.0096107
214.1,6.08,185,5.366443,1.805005,0.012218,0.0082576,0.0016599,0.0033277,0.0050126,0.0101011,0.005089,0.0017021,0.0085543,0.0190814,0.0017529,0.0070423,0.0070922,0.003565,0.0114126
216.6,6.11,186,5.378052,1.809927,0.0116091,0.004922,0.0082576,0.0016599,0.0033277,0.0050126,0.0101011,0.005089,0.0017021,0.0085543,0.0190814,0.0017529,0.0070423,0.0070922,0.012218
218.9,6.16,187,5.388615,1.818077,0.0105629,0.00815,0.004922,0.0082576,0.0016599,0.0033277,0.0050126,0.0101011,0.005089,0.0017021,0.0085543,0.0190814,0.0017529,0.0070423,0.0116091
221.1,6.18,188,5.398615,1.821318,0.0099998,0.0032415,0.00815,0.004922,0.0082576,0.0016599,0.0033277,0.0050126,0.0101011,0.005089,0.0017021,0.0085543,0.0190814,0.0017529,0.0105629
223.4,6.3,189,5.408964,1.84055,0.0103488,0.0192314,0.0032415,0.00815,0.004922,0.0082576,0.0016599,0.0033277,0.0050126,0.0101011,0.005089,0.0017021,0.0085543,0.0190814,0.0099998
225.4,6.31,190,5.417877,1.842136,0.008913,0.001586,0.0192314,0.0032415,0.00815,0.004922,0.0082576,0.0016599,0.0033277,0.0050126,0.0101011,0.005089,0.0017021,0.0085543,0.0103488
227.5,6.34,191,5.42715,1.846879,0.0092735,0.0047431,0.001586,0.0192314,0.0032415,0.00815,0.004922,0.0082576,0.0016599,0.0033277,0.0050126,0.0101011,0.005089,0.0017021,0.008913
229.9,6.38,192,5.437644,1.853168,0.0104942,0.0062894,0.0047431,0.001586,0.0192314,0.0032415,0.00815,0.004922,0.0082576,0.0016599,0.0033277,0.0050126,0.0101011,0.005089,0.0092735
233.2,6.42,193,5.451897,1.859418,0.0142522,0.00625,0.0062894,0.0047431,0.001586,0.0192314,0.0032415,0.00815,0.004922,0.0082576,0.0016599,0.0033277,0.0050126,0.0101011,0.0104942
236.4,6.45,194,5.465525,1.86408,0.0136285,0.0046619,0.00625,0.0062894,0.0047431,0.001586,0.0192314,0.0032415,0.00815,0.004922,0.0082576,0.0016599,0.0033277,0.0050126,0.0142522
239.8,6.5,195,5.479805,1.871802,0.0142803,0.0077221,0.0046619,0.00625,0.0062894,0.0047431,0.001586,0.0192314,0.0032415,0.00815,0.004922,0.0082576,0.0016599,0.0033277,0.0136285
242.5,6.53,196,5.491002,1.876407,0.0111961,0.0046048,0.0077221,0.0046619,0.00625,0.0062894,0.0047431,0.001586,0.0192314,0.0032415,0.00815,0.004922,0.0082576,0.0016599,0.0142803
244.9,6.56,197,5.50085,1.880991,0.0098481,0.0045836,0.0046048,0.0077221,0.0046619,0.00625,0.0062894,0.0047431,0.001586,0.0192314,0.0032415,0.00815,0.004922,0.0082576,0.0111961
247.6,6.61,198,5.511815,1.888584,0.0109649,0.007593,0.0045836,0.0046048,0.0077221,0.0046619,0.00625,0.0062894,0.0047431,0.001586,0.0192314,0.0032415,0.00815,0.004922,0.0098481
247.8,6.64,199,5.512622,1.893112,0.0008073,0.0045283,0.007593,0.0045836,0.0046048,0.0077221,0.0046619,0.00625,0.0062894,0.0047431,0.001586,0.0192314,0.0032415,0.00815,0.0109649
249.4,6.68,200,5.519058,1.899118,0.0064363,0.006006,0.0045283,0.007593,0.0045836,0.0046048,0.0077221,0.0046619,0.00625,0.0062894,0.0047431,0.001586,0.0192314,0.0032415,0.0008073
251.7,6.79,201,5.528238,1.915451,0.0091796,0.016333,0.006006,0.0045283,0.007593,0.0045836,0.0046048,0.0077221,0.0046619,0.00625,0.0062894,0.0047431,0.001586,0.0192314,0.0064363
253.9,6.86,202,5.536941,1.925707,0.0087028,0.0102565,0.016333,0.006006,0.0045283,0.007593,0.0045836,0.0046048,0.0077221,0.0046619,0.00625,0.0062894,0.0047431,0.001586,0.0091796
256.2,6.92,203,5.545959,1.934416,0.0090179,0.0087084,0.0102565,0.016333,0.006006,0.0045283,0.007593,0.0045836,0.0046048,0.0077221,0.0046619,0.00625,0.0062894,0.0047431,0.0087028
258.4,6.94,204,5.554509,1.937302,0.0085502,0.0028859,0.0087084,0.0102565,0.016333,0.006006,0.0045283,0.007593,0.0045836,0.0046048,0.0077221,0.0046619,0.00625,0.0062894,0.0090179
260.5,7.03,205,5.562603,1.950187,0.0080943,0.012885,0.0028859,0.0087084,0.0102565,0.016333,0.006006,0.0045283,0.007593,0.0045836,0.0046048,0.0077221,0.0046619,0.00625,0.0085502
263.2,7.06,206,5.572914,1.954445,0.0103111,0.0042583,0.012885,0.0028859,0.0087084,0.0102565,0.016333,0.006006,0.0045283,0.007593,0.0045836,0.0046048,0.0077221,0.0046619,0.0080943
265.1,7.1,207,5.580107,1.960095,0.0071931,0.0056498,0.0042583,0.012885,0.0028859,0.0087084,0.0102565,0.016333,0.006006,0.0045283,0.007593,0.0045836,0.0046048,0.0077221,0.0103111
266.8,7.13,208,5.586499,1.964311,0.006392,0.0042164,0.0056498,0.0042583,0.012885,0.0028859,0.0087084,0.0102565,0.016333,0.006006,0.0045283,0.007593,0.0045836,0.0046048,0.0071931
269.0,7.17,209,5.594711,1.969906,0.0082121,0.0055944,0.0042164,0.0056498,0.0042583,0.012885,0.0028859,0.0087084,0.0102565,0.016333,0.006006,0.0045283,0.007593,0.0045836,0.006392
271.3,7.21,210,5.603225,1.975469,0.0085139,0.0055634,0.0055944,0.0042164,0.0056498,0.0042583,0.012885,0.0028859,0.0087084,0.0102565,0.016333,0.006006,0.0045283,0.007593,0.0082121
274.4,7.24,211,5.614587,1.979621,0.0113616,0.0041522,0.0055634,0.0055944,0.0042164,0.0056498,0.0042583,0.012885,0.0028859,0.0087084,0.0102565,0.016333,0.006006,0.0045283,0.0085139
276.5,7.3,212,5.622211,1.987874,0.0076241,0.0082532,0.0041522,0.0055634,0.0055944,0.0042164,0.0056498,0.0042583,0.012885,0.0028859,0.0087084,0.0102565,0.016333,0.006006,0.0113616
279.3,7.4,213,5.632287,2.00148,0.0100756,0.0136057,0.0082532,0.0041522,0.0055634,0.0055944,0.0042164,0.0056498,0.0042583,0.012885,0.0028859,0.0087084,0.0102565,0.016333,0.0076241
279.9,7.43,214,5.634432,2.005526,0.0021458,0.0040457,0.0136057,0.0082532,0.0041522,0.0055634,0.0055944,0.0042164,0.0056498,0.0042583,0.012885,0.0028859,0.0087084,0.0102565,0.0100756
280.7,7.47,215,5.637287,2.010895,0.0028543,0.0053692,0.0040457,0.0136057,0.0082532,0.0041522,0.0055634,0.0055944,0.0042164,0.0056498,0.0042583,0.012885,0.0028859,0.0087084,0.0021458
281.5,7.45,216,5.640132,2.008214,0.0028458,-0.002681,0.0053692,0.0040457,0.0136057,0.0082532,0.0041522,0.0055634,0.0055944,0.0042164,0.0056498,0.0042583,0.012885,0.0028859,0.0028543
282.5,7.56,217,5.643679,2.022871,0.0035462,0.0146573,-0.002681,0.0053692,0.0040457,0.0136057,0.0082532,0.0041522,0.0055634,0.0055944,0.0042164,0.0056498,0.0042583,0.012885,0.0028458
283.4,7.56,218,5.646859,2.022871,0.0031805,0.0,0.0146573,-0.002681,0.0053692,0.0040457,0.0136057,0.0082532,0.0041522,0.0055634,0.0055944,0.0042164,0.0056498,0.0042583,0.0035462
283.1,7.56,219,5.6458,2.022871,-0.0010591,0.0,0,0.0146573,-0.002681,0.0053692,0.0040457,0.0136057,0.0082532,0.0041522,0.0055634,0.0055944,0.0042164,0.0056498,0.0031805
284.3,7.58,220,5.65003,2.025513,0.00423,0.0026419,0,0,0.0146573,-0.002681,0.0053692,0.0040457,0.0136057,0.0082532,0.0041522,0.0055634,0.0055944,0.0042164,-0.0010591
287.1,7.64,221,5.659831,2.033398,0.0098004,0.0078845,0.0026419,0,0,0.0146573,-0.002681,0.0053692,0.0040457,0.0136057,0.0082532,0.0041522,0.0055634,0.0055944,0.00423
290.6,7.65,222,5.671948,2.034706,0.0121174,0.001308,0.0078845,0.0026419,0,0,0.0146573,-0.002681,0.0053692,0.0040457,0.0136057,0.0082532,0.0041522,0.0055634,0.0098004
292.2,7.68,223,5.677439,2.03862,0.0054908,0.0039139,0.001308,0.0078845,0.0026419,0,0,0.0146573,-0.002681,0.0053692,0.0040457,0.0136057,0.0082532,0.0041522,0.0121174
292.8,7.7,224,5.67949,2.04122,0.0020509,0.0026007,0.0039139,0.001308,0.0078845,0.0026419,0,0,0.0146573,-0.002681,0.0053692,0.0040457,0.0136057,0.0082532,0.0054908
293.3,7.77,225,5.681196,2.05027,0.0017061,0.0090499,0.0026007,0.0039139,0.001308,0.0078845,0.0026419,0,0,0.0146573,-0.002681,0.0053692,0.0040457,0.0136057,0.0020509
294.1,7.8,226,5.68392,2.054124,0.0027242,0.0038536,0.0090499,0.0026007,0.0039139,0.001308,0.0078845,0.0026419,0,0,0.0146573,-0.002681,0.0053692,0.0040457,0.0017061
293.6,7.82,227,5.682219,2.056684,-0.0017014,0.0025609,0.0038536,0.0090499,0.0026007,0.0039139,0.001308,0.0078845,0.0026419,0,0,0.0146573,-0.002681,0.0053692,0.0027242
292.4,7.83,228,5.678123,2.057962,-0.004096,0.0012779,0.0025609,0.0038536,0.0090499,0.0026007,0.0039139,0.001308,0.0078845,0.0026419,0,0,0.0146573,-0.002681,-0.0017014
293.1,7.92,229,5.680514,2.069391,0.0023913,0.0114288,0.0012779,0.0025609,0.0038536,0.0090499,0.0026007,0.0039139,0.001308,0.0078845,0.0026419,0,0,0.0146573,-0.004096
293.2,7.93,230,5.680855,2.070653,0.0003409,0.0012617,0.0114288,0.0012779,0.0025609,0.0038536,0.0090499,0.0026007,0.0039139,0.001308,0.0078845,0.0026419,0,0,0.0023913
293.4,7.91,231,5.681537,2.068128,0.0006819,-0.0025251,0.0012617,0.0114288,0.0012779,0.0025609,0.0038536,0.0090499,0.0026007,0.0039139,0.001308,0.0078845,0.0026419,0,0.0003409
295.5,7.95,232,5.688669,2.073172,0.0071321,0.005044,-0.0025251,0.0012617,0.0114288,0.0012779,0.0025609,0.0038536,0.0090499,0.0026007,0.0039139,0.001308,0.0078845,0.0026419,0.0006819
297.1,7.98,233,5.694069,2.076938,0.0054002,0.0037665,0.005044,-0.0025251,0.0012617,0.0114288,0.0012779,0.0025609,0.0038536,0.0090499,0.0026007,0.0039139,0.001308,0.0078845,0.0071321
298.1,7.98,234,5.697429,2.076938,0.0033603,0.0,0.0037665,0.005044,-0.0025251,0.0012617,0.0114288,0.0012779,0.0025609,0.0038536,0.0090499,0.0026007,0.0039139,0.001308,0.0054002
299.3,8.01,235,5.701447,2.080691,0.0040174,0.0037525,0,0.0037665,0.005044,-0.0025251,0.0012617,0.0114288,0.0012779,0.0025609,0.0038536,0.0090499,0.0026007,0.0039139,0.0033603
300.3,7.96,236,5.704782,2.074429,0.0033355,-0.0062618,0.0037525,0,0.0037665,0.005044,-0.0025251,0.0012617,0.0114288,0.0012779,0.0025609,0.0038536,0.0090499,0.0026007,0.0040174
301.8,8.12,237,5.709764,2.09433,0.0049825,0.019901,-0.0062618,0.0037525,0,0.0037665,0.005044,-0.0025251,0.0012617,0.0114288,0.0012779,0.0025609,0.0038536,0.0090499,0.0033355
302.6,8.15,238,5.712412,2.098018,0.0026474,0.0036879,0.019901,-0.0062618,0.0037525,0,0.0037665,0.005044,-0.0025251,0.0012617,0.0114288,0.0012779,0.0025609,0.0038536,0.0049825
303.1,8.16,239,5.714063,2.099244,0.0016508,0.0012262,0.0036879,0.019901,-0.0062618,0.0037525,0,0.0037665,0.005044,-0.0025251,0.0012617,0.0114288,0.0012779,0.0025609,0.0026474
303.5,8.16,240,5.715382,2.099244,0.0013189,0.0,0.0012262,0.0036879,0.019901,-0.0062618,0.0037525,0,0.0037665,0.005044,-0.0025251,0.0012617,0.0114288,0.0012779,0.0016508
305.2,8.24,241,5.720967,2.109,0.0055857,0.0097561,0,0.0012262,0.0036879,0.019901,-0.0062618,0.0037525,0,0.0037665,0.005044,-0.0025251,0.0012617,0.0114288,0.0013189
306.6,8.23,242,5.725544,2.107786,0.0045767,-0.0012143,0.0097561,0,0.0012262,0.0036879,0.019901,-0.0062618,0.0037525,0,0.0037665,0.005044,-0.0025251,0.0012617,0.0055857
307.3,8.23,243,5.727824,2.107786,0.0022802,0.0,-0.0012143,0.0097561,0,0.0012262,0.0036879,0.019901,-0.0062618,0.0037525,0,0.0037665,0.005044,-0.0025251,0.0045767
308.8,8.28,244,5.732694,2.113843,0.0048695,0.006057,0,-0.0012143,0.0097561,0,0.0012262,0.0036879,0.019901,-0.0062618,0.0037525,0,0.0037665,0.005044,0.0022802
309.7,8.26,245,5.735604,2.111425,0.0029106,-0.0024183,0.006057,0,-0.0012143,0.0097561,0,0.0012262,0.0036879,0.019901,-0.0062618,0.0037525,0,0.0037665,0.0048695
310.7,8.28,246,5.738828,2.113843,0.0032234,0.0024183,-0.0024183,0.006057,0,-0.0012143,0.0097561,0,0.0012262,0.0036879,0.019901,-0.0062618,0.0037525,0,0.0029106
311.7,8.3,247,5.742041,2.116256,0.0032134,0.0024126,0.0024183,-0.0024183,0.006057,0,-0.0012143,0.0097561,0,0.0012262,0.0036879,0.019901,-0.0062618,0.0037525,0.0032234
313.0,8.28,248,5.746203,2.113843,0.0041623,-0.0024126,0.0024126,0.0024183,-0.0024183,0.006057,0,-0.0012143,0.0097561,0,0.0012262,0.0036879,0.019901,-0.0062618,0.0032134
314.5,8.42,249,5.750984,2.13061,0.0047808,0.0167668,-0.0024126,0.0024126,0.0024183,-0.0024183,0.006057,0,-0.0012143,0.0097561,0,0.0012262,0.0036879,0.019901,0.0041623
315.3,8.39,250,5.753524,2.127041,0.0025401,-0.0035691,0.0167668,-0.0024126,0.0024126,0.0024183,-0.0024183,0.006057,0,-0.0012143,0.0097561,0,0.0012262,0.0036879,0.0047808
315.3,8.42,251,5.753524,2.13061,0.0,0.0035691,-0.0035691,0.0167668,-0.0024126,0.0024126,0.0024183,-0.0024183,0.006057,0,-0.0012143,0.0097561,0,0.0012262,0.0025401
315.5,8.45,252,5.754158,2.134166,0.0006342,0.0035567,0.0035691,-0.0035691,0.0167668,-0.0024126,0.0024126,0.0024183,-0.0024183,0.006057,0,-0.0012143,0.0097561,0,0
316.1,8.48,253,5.756059,2.13771,0.0019002,0.0035439,0.0035567,0.0035691,-0.0035691,0.0167668,-0.0024126,0.0024126,0.0024183,-0.0024183,0.006057,0,-0.0012143,0.0097561,0.0006342
317.4,8.5,254,5.760163,2.140066,0.0041041,0.0023558,0.0035439,0.0035567,0.0035691,-0.0035691,0.0167668,-0.0024126,0.0024126,0.0024183,-0.0024183,0.006057,0,-0.0012143,0.0019002
318.8,8.5,255,5.764564,2.140066,0.0044012,0.0,0.0023558,0.0035439,0.0035567,0.0035691,-0.0035691,0.0167668,-0.0024126,0.0024126,0.0024183,-0.0024183,0.006057,0,0.0041041
320.1,8.52,256,5.768633,2.142416,0.0040693,0.0023503,0,0.0023558,0.0035439,0.0035567,0.0035691,-0.0035691,0.0167668,-0.0024126,0.0024126,0.0024183,-0.0024183,0.006057,0.0044012
321.3,8.51,257,5.772375,2.141242,0.0037417,-0.0011744,0.0023503,0,0.0023558,0.0035439,0.0035567,0.0035691,-0.0035691,0.0167668,-0.0024126,0.0024126,0.0024183,-0.0024183,0.0040693
322.3,8.54,258,5.775483,2.144761,0.0031075,0.0035191,-0.0011744,0.0023503,0,0.0023558,0.0035439,0.0035567,0.0035691,-0.0035691,0.0167668,-0.0024126,0.0024126,0.0024183,0.0037417
322.8,8.52,259,5.777033,2.142416,0.0015502,-0.0023446,0.0035191,-0.0011744,0.0023503,0,0.0023558,0.0035439,0.0035567,0.0035691,-0.0035691,0.0167668,-0.0024126,0.0024126,0.0031075
323.5,8.53,260,5.779199,2.143589,0.0021663,0.0011728,-0.0023446,0.0035191,-0.0011744,0.0023503,0,0.0023558,0.0035439,0.0035567,0.0035691,-0.0035691,0.0167668,-0.0024126,0.0015502
324.5,8.67,261,5.782286,2.159869,0.0030866,0.0162795,0.0011728,-0.0023446,0.0035191,-0.0011744,0.0023503,0,0.0023558,0.0035439,0.0035567,0.0035691,-0.0035691,0.0167668,0.0021663
325.5,8.64,262,5.785362,2.156403,0.0030766,-0.0034661,0.0162795,0.0011728,-0.0023446,0.0035191,-0.0011744,0.0023503,0,0.0023558,0.0035439,0.0035567,0.0035691,-0.0035691,0.0030866
326.6,8.67,263,5.788736,2.159869,0.0033741,0.0034661,-0.0034661,0.0162795,0.0011728,-0.0023446,0.0035191,-0.0011744,0.0023503,0,0.0023558,0.0035439,0.0035567,0.0035691,0.0030766
327.4,8.72,264,5.791183,2.165619,0.0024462,0.0057507,0.0034661,-0.0034661,0.0162795,0.0011728,-0.0023446,0.0035191,-0.0011744,0.0023503,0,0.0023558,0.0035439,0.0035567,0.0033741
328.4,8.72,265,5.794232,2.165619,0.0030499,0.0,0.0057507,0.0034661,-0.0034661,0.0162795,0.0011728,-0.0023446,0.0035191,-0.0011744,0.0023503,0,0.0023558,0.0035439,0.0024462
327.5,8.74,266,5.791488,2.16791,-0.0027442,0.0022907,0,0.0057507,0.0034661,-0.0034661,0.0162795,0.0011728,-0.0023446,0.0035191,-0.0011744,0.0023503,0,0.0023558,0.0030499
326.0,8.74,267,5.786897,2.16791,-0.004591,0.0,0.0022907,0,0.0057507,0.0034661,-0.0034661,0.0162795,0.0011728,-0.0023446,0.0035191,-0.0011744,0.0023503,0,-0.0027442
325.3,8.73,268,5.784748,2.166765,-0.0021496,-0.0011449,0,0.0022907,0,0.0057507,0.0034661,-0.0034661,0.0162795,0.0011728,-0.0023446,0.0035191,-0.0011744,0.0023503,-0.004591
326.3,8.73,269,5.787817,2.166765,0.0030694,0.0,-0.0011449,0,0.0022907,0,0.0057507,0.0034661,-0.0034661,0.0162795,0.0011728,-0.0023446,0.0035191,-0.0011744,-0.0021496
327.9,8.72,270,5.792709,2.165619,0.0048919,-0.0011458,0,-0.0011449,0,0.0022907,0,0.0057507,0.0034661,-0.0034661,0.0162795,0.0011728,-0.0023446,0.0035191,0.0030694
328.0,8.7,271,5.793014,2.163323,0.0003047,-0.0022964,-0.0011458,0,-0.0011449,0,0.0022907,0,0.0057507,0.0034661,-0.0034661,0.0162795,0.0011728,-0.0023446,0.0048919
328.6,8.7,272,5.794841,2.163323,0.0018277,0.0,-0.0022964,-0.0011458,0,-0.0011449,0,0.0022907,0,0.0057507,0.0034661,-0.0034661,0.0162795,0.0011728,0.0003047
330.2,8.82,273,5.799698,2.177022,0.0048571,0.0136988,0,-0.0022964,-0.0011458,0,-0.0011449,0,0.0022907,0,0.0057507,0.0034661,-0.0034661,0.0162795,0.0018277
330.5,8.82,274,5.800607,2.177022,0.0009084,0.0,0.0136988,0,-0.0022964,-0.0011458,0,-0.0011449,0,0.0022907,0,0.0057507,0.0034661,-0.0034661,0.0048571
330.8,8.88,275,5.801514,2.183802,0.0009074,0.0067799,0,0.0136988,0,-0.0022964,-0.0011458,0,-0.0011449,0,0.0022907,0,0.0057507,0.0034661,0.0009084
331.1,8.86,276,5.802421,2.181547,0.0009065,-0.002255,0.0067799,0,0.0136988,0,-0.0022964,-0.0011458,0,-0.0011449,0,0.0022907,0,0.0057507,0.0009074
333.1,8.9,277,5.808443,2.186051,0.006022,0.0045044,-0.002255,0.0067799,0,0.0136988,0,-0.0022964,-0.0011458,0,-0.0011449,0,0.0022907,0,0.0009065
334.4,8.92,278,5.812338,2.188296,0.0038953,0.0022447,0.0045044,-0.002255,0.0067799,0,0.0136988,0,-0.0022964,-0.0011458,0,-0.0011449,0,0.0022907,0.006022
335.9,8.92,279,5.816813,2.188296,0.0044756,0.0,0.0022447,0.0045044,-0.002255,0.0067799,0,0.0136988,0,-0.0022964,-0.0011458,0,-0.0011449,0,0.0038953
337.7,8.91,280,5.822158,2.187174,0.0053444,-0.0011215,0,0.0022447,0.0045044,-0.002255,0.0067799,0,0.0136988,0,-0.0022964,-0.0011458,0,-0.0011449,0.0044756
338.7,8.93,281,5.825115,2.189416,0.0029569,0.0022421,-0.0011215,0,0.0022447,0.0045044,-0.002255,0.0067799,0,0.0136988,0,-0.0022964,-0.0011458,0,0.0053444
340.1,8.92,282,5.82924,2.188296,0.0041251,-0.0011206,0.0022421,-0.0011215,0,0.0022447,0.0045044,-0.002255,0.0067799,0,0.0136988,0,-0.0022964,-0.0011458,0.0029569
340.8,8.91,283,5.831296,2.187174,0.0020561,-0.0011215,-0.0011206,0.0022421,-0.0011215,0,0.0022447,0.0045044,-0.002255,0.0067799,0,0.0136988,0,-0.0022964,0.0041251
342.7,8.94,284,5.836855,2.190536,0.0055594,0.0033612,-0.0011215,-0.0011206,0.0022421,-0.0011215,0,0.0022447,0.0045044,-0.002255,0.0067799,0,0.0136988,0,0.0020561
344.4,9.05,285,5.841804,2.202765,0.0049481,0.0122292,0.0033612,-0.0011215,-0.0011206,0.0022421,-0.0011215,0,0.0022447,0.0045044,-0.002255,0.0067799,0,0.0136988,0.0055594
345.3,9.08,286,5.844414,2.206074,0.0026102,0.0033095,0.0122292,0.0033612,-0.0011215,-0.0011206,0.0022421,-0.0011215,0,0.0022447,0.0045044,-0.002255,0.0067799,0,0.0049481
